"ID","Dominio","Tarea de usuario","Objetivo del usuario","Implementación actual verificada","Archivos / componentes","Tests / QA / evidencia","Frecuencia esperada","Fuente de la frecuencia","Criticidad","Objeto / contexto del que depende","Precondiciones","Dónde vive hoy","Rutas alternativas actuales","Findings CRI-7 relacionados","Qué funciona bien y debe conservarse","Clasificación UX","Expanded: ruta funcional propuesta","Medium: ruta funcional propuesta","Compact: ruta funcional propuesta","Mouse / keyboard path","Touch path","Necesidad de precisión especial","¿Puede ser contextual a selección?","Visibilidad persistente o disclosure","Superficie apropiada","Disabled / loading / error","Feedback esperado","Focus / Escape / Cancel / Reset","Impacto en canvas-budget","Decisión para CRI-9","Patrón para CRI-10","Unknowns / preguntas abiertas"
"ENT-01","Entrada","Elegir por dónde empezar al abrir la app","Decidir entre continuar, crear, abrir ejemplo, importar o entrar a Aula sin haber cargado aún el editor.","Pantalla Welcome propia (`screen === ""welcome""`), con hero, tarjetas de plantilla, filtro academic/models, cabecera con tema e idioma, y drawer de menú en anchos estrechos. Precarga `WorkspaceShell` en idle.","src/App.tsx:20-60; src/features/welcome/WelcomeScreen.tsx:1-381","src/features/welcome/WelcomeScreen.test.tsx; src/features/welcome/StructuralPortalHero.test.tsx; CRI-7 flujo 01 (ok en 11 viewports)","alta","inferencia","esencial","Ninguno: es el estado inicial de la app.","Ninguna.","Pantalla completa propia, fuera del shell del workspace.","Ninguna: es la única puerta de entrada. Desde la mesa se vuelve con el botón de marca.","F-13 (welcome rompe en 767, umbral propio).","No amputa: todas las rutas de arranque existen en los 11 viewports.","1 Global persistente (pantalla propia)","Pantalla completa, misma composición. Sin cambios funcionales.","Igual que Expanded; sólo densidad de tarjetas.","Igual, con cabecera colapsada a drawer de menú.","Tab entre tarjetas; Enter activa.","Tap directo sobre tarjeta.","No.","No.","persistente","fullscreen","empty (sin proyectos recientes) — no verificado si se distingue del estado normal.","Navegación inmediata a la mesa.","No aplica (no es superficie modal).","No compite: no hay canvas.","¿Welcome debe seguir siendo una pantalla o pasar a ser un estado del shell? Hoy es una pantalla con su propio breakpoint (767).","Sistema de tarjeta de plantilla y jerarquía del hero bajo Brandbook.","No hay evidencia de frecuencia real de uso de cada ruta de arranque."
"ENT-02","Entrada","Continuar el proyecto en el que estaba","Recuperar el trabajo anterior sin volver a construirlo.","`ProjectContext` inicializa con `loadProjectFromStorage(localStorage)` en el `useState` inicializador; el proyecto vivo ya está cargado antes de entrar a la mesa. El botón de la Welcome sólo navega.","src/store/ProjectContext.tsx:38-39; src/features/welcome/WelcomeScreen.tsx (onOpenWorkspace)","src/store/ProjectContext.test.tsx; src/App.test.tsx","alta","inferencia","esencial","Proyecto persistido en localStorage.","Haber trabajado antes en este navegador.","Botón principal de la Welcome.","Project Hub (ENT-06) abre proyectos del repositorio IndexedDB, que es otra fuente.","—","Local-first real: el proyecto está en memoria antes de que la mesa se monte.","1 Global persistente","Acción primaria de la Welcome.","Igual.","Igual.","Enter sobre el botón principal.","Tap.","No.","No.","persistente","fullscreen","Sin estado de carga explícito: la lectura de localStorage es síncrona.","Transición a la mesa con el modelo ya dibujado.","—","—","Coexisten dos almacenes (localStorage para el proyecto vivo, IndexedDB para el hub). CRI-9 debe decidir cuál es la fuente de ""continuar"".","—","No se verificó qué ocurre si localStorage tiene un proyecto y el hub otro más reciente."
"ENT-03","Entrada","Crear un proyecto en blanco","Empezar de cero sin heredar geometría.","`createBlankProject()` + `replaceProject`, preservando el idioma actual. Existe en la Welcome y en el menú de proyecto del TopBar.","src/features/topbar/TopBar.tsx:347-349; src/data/defaultProject.ts","src/features/topbar/TopBar.test.tsx","media","inferencia","esencial","Ninguno.","Ninguna.","Welcome + menú desplegable del nombre de proyecto (TopBar).","Dos puertas: arranque y durante el trabajo.","F-02 (`project-menu-toggle` mide 33×40, bajo el mínimo de puntero de 36).","Que exista dentro de la mesa evita volver a Inicio para empezar otro modelo.","1 Global persistente + 2 Contextual a proyecto","Menú de proyecto en TopBar.","Igual.","El menú de proyecto sobrevive en Compact (zona documento no se oculta entera).","Click en la flecha; el menú tiene navegación por flechas/Home/End (`onMenuKeyDown`).","Tap en la flecha de 33×40 — por debajo del mínimo táctil de 44 declarado por el proyecto.","No.","No.","disclosure","modal","Sin confirmación: reemplaza el proyecto actual. Reversible por undo (`replaceProject` empuja historial).","El lienzo se vacía. No hay toast.","Escape cierra y devuelve el foco al disparador (TopBar.tsx:129-134).","Nulo (popover).","¿Crear proyecto debe pedir confirmación cuando hay trabajo sin exportar? Hoy sólo lo protege el undo.","Patrón único de popover de menú con secciones.","Frecuencia real."
"ENT-04","Entrada","Abrir un ejemplo / plantilla","Partir de un modelo válido para aprender o para adaptar.","`exampleProjects` (6 entradas nombradas en `EXAMPLE_META`), `example.build()` + `replaceProject`. Presentación traducida por `presentExample`.","src/features/welcome/WelcomeScreen.tsx:50-58; src/features/topbar/TopBar.tsx:350-355; src/features/welcome/examplePresentation.ts","src/features/welcome/WelcomeScreen.test.tsx; CRI-7 usa «Pórtico de ejemplo» como modelo de todos sus flujos","media","evidencia","esencial","Ninguno.","Ninguna.","Tarjetas de la Welcome + menú de proyecto del TopBar.","Duplicación legítima: descubrir (Welcome) vs cambiar de ejemplo sin salir (TopBar).","—","Los ejemplos son la vía de arranque más rápida y están en las dos superficies donde tienen sentido.","1 Global persistente + 9 Fullscreen (Welcome)","Rejilla de tarjetas con categoría e icono.","Rejilla más estrecha.","Columna única.","Tab + Enter.","Tap.","No.","No.","persistente","fullscreen / modal","Sin loading: la construcción es síncrona.","Modelo dibujado inmediatamente.","—","—","""Abrir un ejemplo y convertirlo en proyecto propio"" no tiene hoy paso de apropiación: se abre como proyecto sin renombrar.","Tarjeta de plantilla con categoría, badge e icono.","Si el usuario entiende que el ejemplo YA es su proyecto editable."
"ENT-05","Entrada","Filtrar plantillas por tipo","Separar ejercicios académicos de modelos de trabajo.","Estado local `templateFilter: ""all"" | ""academic"" | ""models""`, con `ACADEMIC_EXAMPLE_NAMES` como conjunto explícito.","src/features/welcome/WelcomeScreen.tsx:59-62, 76-86","src/features/welcome/WelcomeScreen.test.tsx","baja","inferencia","secundaria","Lista de ejemplos.","Estar en la Welcome.","Chips en la Welcome.","Ninguna.","—","—","9 Fullscreen (auxiliar de la lista)","Chips visibles.","Igual.","Igual, con scroll horizontal.","Tab + Enter.","Tap.","No.","No.","persistente","fullscreen","—","La rejilla se recorta en el sitio.","—","—","Con 6 ejemplos, el filtro puede no justificarse; es decisión de CRI-9, no de este mapa.","Chip de filtro (mismo patrón que las facetas del Datasheet — hoy son dos implementaciones distintas).","Frecuencia real de uso."
"ENT-06","Entrada","Ver y abrir proyectos guardados (Project Hub)","Volver a un proyecto concreto de entre varios.","`ProjectHub` sobre `IndexedDbProjectRepository`: lista proyectos y recuperaciones, con estados loading/error/unavailable. Se carga perezoso desde la Welcome (`Phase2ProjectHub`).","src/features/project-hub/ProjectHub.tsx:1-80; src/storage/projectRepository.ts:149-268; src/features/welcome/Phase2ProjectHub.tsx","src/features/project-hub/ProjectHub.test.tsx; src/storage/projectRepository.test.ts","media","inferencia","esencial","Repositorio IndexedDB.","IndexedDB disponible (si no, mensaje `hub.unavailable`).","Sólo en la Welcome, tras `Phase2ProjectHub`.","Ninguna desde la mesa: no hay «abrir otro proyecto» dentro del workspace salvo importar.","F-13 (hub rompe en 680, umbral propio).","Degradación honesta: si no hay IndexedDB lo dice en vez de fallar en silencio.","1 Global persistente + 9 Fullscreen / datos densos","Lista completa con acciones por fila.","Igual.","Fila apilada.","Tab por filas y acciones.","Tap.","No.","No.","disclosure","fullscreen / table","loading, error, unavailable — los tres implementados.","Refresco de la lista tras cada operación.","No verificado el retorno de foco tras renombrar.","—","HUECO DE ACCESO: desde la mesa no hay ruta al Hub. Cambiar de proyecto obliga a volver a Inicio.","Fila de proyecto con acciones secundarias.","Si el Hub y el proyecto vivo de localStorage pueden desincronizarse."
"ENT-07","Entrada","Renombrar un proyecto guardado","Distinguir proyectos entre sí en la lista.","`commitRename` → `repository.renameProject`, con edición en línea (`editing: {id, name}`).","src/features/project-hub/ProjectHub.tsx:62-70","src/features/project-hub/ProjectHub.test.tsx","baja","inferencia","secundaria","Registro del hub.","Hub disponible.","Sólo en el Hub.","El nombre del proyecto ABIERTO se edita desde el TopBar (ENT-13) — otra entidad, no duplicación.","—","Edición en línea, sin modal.","8 Configuración / 9 Fullscreen","Inline.","Inline.","Inline.","Enter confirma (no verificado si Escape cancela).","Teclado en pantalla.","No.","No.","disclosure","table","error capturado y mostrado.","Lista refrescada.","No verificado.","—","—","Campo editable en línea dentro de tabla.","Comportamiento de Escape durante la edición."
"ENT-08","Entrada","Duplicar un proyecto guardado","Explorar una variante sin perder el original.","`repository.duplicateProject(id, t(""hub.copyName"", {name}))`.","src/features/project-hub/ProjectHub.tsx:52-60; src/storage/projectRepository.ts","src/storage/projectRepository.test.ts","baja","inferencia","secundaria","Registro del hub.","Hub disponible.","Sólo en el Hub.","Ninguna.","—","Nombre de copia derivado y traducido.","8 Configuración / 9 Fullscreen","Acción de fila.","Igual.","Igual.","Tab + Enter.","Tap.","No.","No.","disclosure","table","error capturado.","Nueva fila en la lista.","No verificado.","—","Duplicar es la única forma de versionar; ¿debe existir también desde la mesa?","—","Frecuencia real."
"ENT-09","Entrada","Restaurar una recuperación tras conflicto","No perder trabajo cuando dos pestañas o dos revisiones chocan.","`listRecoveries()` + `restoreRecovery(id)`. Las recuperaciones se crean automáticamente con `reason: ""conflict"" | ""manual"" | ""migration"" | ""dxf-import""` y guardan el proyecto completo + checksum.","src/storage/projectRepository.ts:23-31, 195-248; src/features/project-hub/ProjectHub.tsx:72-80","src/storage/projectRepository.test.ts","baja","evidencia","esencial","Existencia de un `RecoveryRecord`.","Haber ocurrido un conflicto o una migración.","Sólo en el Project Hub, dentro de la Welcome.","El TopBar muestra el ESTADO de conflicto (SHL-20) pero no ofrece la restauración.","—","Fail-closed correcto: el conflicto crea una recuperación ANTES de lanzar `RepositoryConflictError`.","2 Contextual a proyecto + 6 Workflow temporal","Sección propia dentro del Hub.","Igual.","Igual.","Tab + Enter.","Tap.","No.","No.","disclosure","fullscreen / table","error capturado; loading compartido con la lista.","Abre el proyecto restaurado (`onOpen(record)`).","No verificado.","—","HUECO DE ACCESO CRÍTICO: el conflicto se anuncia en la mesa y se resuelve en otra pantalla. CRI-9 debe cerrar ese salto.","Patrón de recuperación: cómo se presenta una versión alternativa sin sugerir que se pierde la actual.","Si el usuario relaciona el aviso del TopBar con la lista del Hub."
"ENT-10","Entrada","Importar JSON / bundle / PDF (Import Center)","Traer un modelo desde un archivo y decidir qué se conserva.","Asistente de 6 etapas (`select → inspect → content → conflicts → confirm → result`) con detección de tipo, selección de contenido y resolución de destino. Carga perezosa.","src/features/import-export/ImportCenterDialog.tsx:44-528; src/features/import-export/PortableImportCenter.tsx; src/features/import-export/portableImportAdapter.ts","src/features/import-export/ImportCenterDialog.test.tsx; src/features/import-export/portableImportAdapter.test.ts","baja","inferencia","esencial","Archivo del usuario.","Ninguna.","Menú de proyecto del TopBar y Welcome.","Dos puertas legítimas (arranque y durante el trabajo).","—","Es el único workflow por etapas del producto y está bien construido: inspecciona antes de escribir y explica qué no soporta.","6 Workflow temporal","Diálogo modal con etapas.","Igual.","Igual, apilado.","Tab; foco dirigido por etapa (`data-import-stage-focus`).","Selector de archivo nativo.","No.","No.","disclosure","modal / workflow","unsupported, conflicts, result — todos implementados.","Etapa `result` explícita.","Foco por etapa; retorno al `projectMenuButtonRef` al cerrar (TopBar.tsx:186-189).","Nulo (modal).","Es el modelo de ""workflow temporal"" que el resto del producto no tiene. ¿Se generaliza el patrón?","Indicador de etapas y su versión Compact.","Qué porcentaje de bundles reales son importables (el código distingue `available` de `withAdapter`)."
"ENT-11","Entrada","Importar geometría desde DXF","Reutilizar un trazado hecho en CAD.","`DxfImportDialog` + `dxfParser`. Se lanza desde la Welcome mediante `Phase2DxfAction`, con carga perezosa. Genera una recuperación con `reason: ""dxf-import""`.","src/import/dxf/DxfImportDialog.tsx; src/import/dxf/dxfParser.ts; src/features/welcome/Phase2DxfAction.tsx; src/storage/projectRepository.ts:26","src/import/dxf/dxfParser.test.ts; src/import/dxf/DxfImportDialog.test.tsx","baja","inferencia","contextual","Archivo DXF.","Ninguna.","SÓLO en la Welcome.","Ninguna desde la mesa.","—","La importación deja rastro recuperable antes de escribir.","6 Workflow temporal","Diálogo.","Igual.","Igual.","Tab.","Selector de archivo nativo.","No.","No.","disclosure","modal / workflow","No verificados en detalle.","No verificado.","No verificado.","—","HUECO DE ACCESO: importar DXF sobre un modelo ya abierto exige volver a Inicio.","—","Estados de error del parser y su presentación."
"ENT-12","Entrada","Crear un ejercicio de Aula","Generar un enunciado a partir de una plantilla con parámetros.","`NewExerciseDialog`: modal sobre la propia Welcome (NO navega), con plantillas navegables por flechas/Home/End, validación por campo y reenfoque del primer campo inválido.","src/features/welcome/NewExerciseDialog.tsx","src/features/welcome/NewExerciseDialog.test.tsx; CRI-7 flujo 09a","baja","inferencia","contextual","Ninguno.","Ninguna.","Botón «Nuevo ejercicio» de la Welcome.","Ninguna.","F-05 (construido fuera del design system: estilos inline, radios 20/14/12/11/9/999, tipografías 9-10px, colores de reserva codificados).","ACCESIBILIDAD MODELO del producto: `role=""dialog""`, `aria-modal`, `aria-labelledby`+`aria-describedby`, trampa de foco, Escape, navegación roving y reenfoque del primer campo inválido. No debe perderse en ninguna reescritura.","6 Workflow temporal","Modal.","Modal.","Modal a pantalla casi completa.","Roving por flechas sobre plantillas; Escape cierra.","Tap + teclado en pantalla.","No.","No.","disclosure","modal / workflow","fieldError por campo.","Reenfoque del primer inválido tras envío fallido.","Trampa de foco + Escape + foco inicial dirigido.","—","Fuera de alcance: CRI-8 no diseña Aula vNext. Sólo se registra que la superficie existe.","Reconstruir este diálogo con `sc-*` SIN perder su accesibilidad.","Ninguno relevante para este mapa."
"ENT-13","Entrada","Renombrar el proyecto abierto","Dar identidad al documento en curso.","Input controlado en el TopBar con borrador local (`projectNameDraft`), commit en blur/Enter y cancelación con Escape.","src/features/topbar/TopBar.tsx:313-330, 191-197","src/features/topbar/TopBar.test.tsx; scripts/qa-topbar.mjs","media","inferencia","esencial","Proyecto abierto.","Estar en la mesa.","TopBar, zona documento.","ENT-07 renombra registros del hub, no el proyecto abierto. No es la misma tarea.","F-08 (en 320 y 360px el campo mide 8×44: no cabe un carácter). F-02 (260×24, bajo el mínimo de puntero).","Escape revierte al nombre guardado; el borrador nunca escribe a medias.","2 Contextual a proyecto","Campo visible en TopBar.","Igual.","Presente pero comprimido; por debajo de 375px es inusable (F-08).","Enter confirma, Escape revierte.","Tap + teclado en pantalla.","No.","No.","persistente","canvas chrome (TopBar)","Sin estado de error: un nombre vacío revierte al anterior.","El valor queda escrito; sin toast.","Escape hace blur.","Parte del 7-9% del TopBar.","¿La identidad del documento merece anchura permanente en Compact, o basta con verla y editarla bajo disclosure?","Campo de identidad de documento: cuándo es texto y cuándo es campo.","Frecuencia real de renombrado."
"ENT-14","Entrada","Volver a Inicio desde la mesa","Salir del editor sin perder el proyecto.","Botón de marca del TopBar (`brand-home-button`) con `aria-label` de navegación. Sólo cambia `screen`; el proyecto sigue en memoria.","src/features/topbar/TopBar.tsx:309-311; src/App.tsx","src/App.test.tsx","media","inferencia","esencial","Estar en la mesa.","Ninguna.","Marca del TopBar.","Ninguna.","—","La marca como botón de Inicio es descubrible y no gasta espacio adicional.","1 Global persistente","Marca 46px.","Igual.","La marca sobrevive; el nombre textual se retira.","Tab + Enter.","Tap.","No.","No.","persistente","canvas chrome (TopBar)","—","Navegación inmediata.","—","Parte del TopBar.","¿Sale sin avisar aunque haya trabajo sin guardar? Hoy sí; el autosave lo justifica pero no se comunica.","Marca-como-navegación.","—"
"ENT-15","Entrada","Abrir Space 3D","Entrar al dominio espacial experimental.","Dos orígenes distintos: `standalone` desde la Welcome y `workspace` desde el TopBar. Chunk propio con Three.js, cargado sólo al abrir.","src/App.tsx:16-31; src/features/topbar/TopBar.tsx:438-444, 501-503","src/features/space3d/Space3DWorkspace.test.tsx; scripts/check-space3d-capacity.mjs","baja","inferencia","secundaria","Origen (Inicio o mesa).","Ninguna.","Botón de icono del TopBar + tarjeta de la Welcome + menú «Más» en Compact.","Tres puertas.","§8 (Space 3D tratado aparte, experimental).","El coste (649 kB) sólo lo paga quien lo abre.","9 Fullscreen (dominio separado)","Icono en TopBar.","Igual.","Sólo dentro de «Más».","Tab + Enter.","Tap.","No.","No.","persistente en Expanded / disclosure en Compact","fullscreen","Suspense con fallback.","Pantalla nueva marcada «Experimental» (`space3d.experimentalNotice`).","No verificado el retorno al volver.","Un icono en el TopBar.","¿Un dominio experimental merece presencia permanente en el TopBar de Expanded? Es la pregunta, no la respuesta.","Marcado visual de ""experimental"" bajo Brandbook.","No se verificó qué se conserva al ir y volver entre 2D y Space3D."
"SHL-01","Shell","Ejecutar el análisis","Convertir el modelo en resultados.","Botón primario del TopBar (`analyze-button`, `size=""touch""`), con estado `loading` y `loadingLabel`. En modo Aula marca además `classroomSession.markAnalysisRequested()`. El solver corre en worker.","src/features/topbar/TopBar.tsx:249-254, 535-544; src/store/ProjectContext.tsx:202-240; src/runtime/workerHandlers.ts","src/features/topbar/TopBar.test.tsx; src/engine/solver.test.ts; CRI-7 flujo 03 (ok en 11 viewports)","alta","evidencia","esencial","Proyecto + caso/combinación seleccionados.","Modelo con geometría.","TopBar, extremo derecho, siempre visible.","Command Palette (`analysis:run`); botón de la tarjeta vacía de Results; acción del paso «Analizar» del guía de Aula.","—","Cuatro puertas coherentes a un solo `analyze()`. En Compact el botón colapsa a icono 44×44 sin perder la acción.","1 Global persistente","Botón con texto.","Botón con texto.","Icono 44×44.","Tab + Enter. NO tiene atajo de teclado propio.","Tap.","No.","No: no depende de la selección.","persistente","canvas chrome (TopBar)","loading (`isAnalyzing`) con `aria-busy` y etiqueta alternativa.","AnalysisStatus + apertura automática de la hoja de resultados en móvil.","Sin cancelación: no hay «detener análisis».","Parte del 7-9% del TopBar.","Es la única acción que justifica sin discusión presencia permanente. ¿Merece atajo de teclado?","Botón primario y su estado de carga.","No existe ruta para cancelar un análisis en curso."
"SHL-02","Shell","Saber en qué estado está el análisis","Distinguir sin resultado / analizando / resuelto / obsoleto / limitado / no fiable / fallido.","`AnalysisStatus` con modelo propio (`analysisStatusModel.ts`), enlazado a Model Doctor cuando procede. `resolveReliability` separa `success` de `reliable`.","src/features/topbar/AnalysisStatus.tsx; src/features/topbar/analysisStatusModel.ts; src/engine/reliability.ts; src/features/results/ResultsPanel.tsx:186-197","src/features/topbar/AnalysisStatus.test.tsx; src/engine/reliability.test.ts; src/features/results/reliabilityCopy.test.ts","alta","evidencia","esencial","Estado del solver + firma del proyecto.","Ninguna.","TopBar (chip) + cabecera del panel de Results (texto de estado).","Duplicación LEGÍTIMA: el chip responde «¿puedo confiar?» sin mirar; el texto de Results explica por qué.","F-03 (texto técnico y avisos a 9-10px).","La distinción `success ≠ reliable ≠ safe` está implementada de verdad, con `governing` check nombrado.","2 Contextual a proyecto/análisis","Chip en TopBar + estado en Results.","Igual.","El chip permanece; el estado de Results vive en la hoja.","Tab hasta el chip; enlaza a Model Doctor.","Tap.","No.","No.","persistente","canvas chrome + panel","ready, analyzing, resolved, limited, unreliable, review/failed, stale.","`role=""status""`, `aria-live=""polite""`.","—","Parte del TopBar.","Es candidato claro a «global persistente» aunque el resto de Results no lo sea. CRI-9 debe poder separarlos.","Escala de estados de fiabilidad: seis niveles con forma además de color.","Si el usuario distingue «limitado» de «no fiable» sin abrir el detalle."
"SHL-03","Shell","Deshacer","Revertir el último cambio del modelo.","Pila `past` de hasta 50 entradas con descripción (`HistoryEntry`). Botón en TopBar, entrada en «Más» y comando de paleta.","src/store/ProjectContext.tsx:40-41, 140-145, 526-536; src/features/topbar/TopBar.tsx:445-448, 478-481; src/features/workspace/CommandPalette.tsx:149-152","src/store/ProjectContext.test.tsx; src/features/topbar/TopBar.test.tsx","alta","inferencia","esencial","Historial no vacío.","`canUndo`.","TopBar (icono), menú «Más» (primer bloque), Command Palette.","Tres puertas.","F-06 (comparte cajón con idioma y tema en Compact).","El historial guarda descripción por entrada, no sólo el estado: permite explicar qué se deshace.","1 Global persistente","Par de iconos en TopBar.","Igual.","Dentro de «Más», en su propio grupo.","HUECO: la paleta anuncia `Ctrl Z` como atajo pero NINGÚN manejador lo enlaza. Verificado por búsqueda en todo `src/`: no existe handler de tecla Z fuera de un campo de coordenada de Space3D.","Tap en TopBar o en «Más».","No.","No.","persistente","canvas chrome","disabled cuando `!canUndo`.","El modelo cambia. Sin toast ni anuncio de qué se deshizo, pese a que la descripción existe en el estado.","—","Parte del TopBar.","DECISIÓN: implementar el atajo que la interfaz ya promete, o retirar la promesa. Hoy la paleta miente.","Anuncio de ""se deshizo X"" — la descripción ya existe y no se muestra.","Frecuencia real de undo."
"SHL-04","Shell","Rehacer","Reaplicar lo deshecho.","Pila `future`; mismas tres puertas que undo.","src/store/ProjectContext.tsx:41, 537-541","src/store/ProjectContext.test.tsx","media","inferencia","esencial","Pila `future` no vacía.","`canRedo`.","Idéntico a SHL-03.","Tres puertas.","F-06.","Simetría exacta con undo.","1 Global persistente","Icono.","Icono.","Dentro de «Más».","HUECO idéntico: la paleta anuncia `Ctrl Y` sin manejador.","Tap.","No.","No.","persistente","canvas chrome","disabled cuando `!canRedo`.","Igual que undo.","—","Parte del TopBar.","Mismo que SHL-03.","—","—"
"SHL-05","Shell","Abrir la paleta de comandos","Alcanzar cualquier acción por nombre sin recordar dónde vive.","`Ctrl/⌘+K` global en `WorkspaceShell`, botón dedicado en el grupo «Navegar» del ToolRail, y entrada en la hoja «Más» de Compact. Carga perezosa.","src/features/workspace/WorkspaceShell.tsx:188-197; src/features/canvas/ToolBar.tsx:140-165, 323; src/features/workspace/CommandPalette.tsx","src/features/workspace/CommandPalette.test.tsx","avanzada","inferencia","contextual","Estar en la mesa.","Model Doctor cerrado (el atajo se ignora si está abierto).","ToolRail + atajo + hoja «Más» móvil.","Tres puertas.","F-04 (el botón de paleta SÍ usa `sc-tool-button`; el de herramienta arrastra además la clase legacy).","No inventa acciones: cada entrada llama a un comando existente. Está documentado así en el propio archivo.","7 Power-user / Command Palette","Botón visible en el rail + atajo.","Igual.","Dentro de la hoja «Más» del dock táctil.","Ctrl/⌘K abre; flechas/Home/End navegan; Enter ejecuta; Escape cierra con retorno de foco.","Tap en la hoja «Más» → paleta. Funciona, pero teclear es el punto de la paleta.","No.","Parcialmente: el pie muestra la selección actual, pero los comandos no se filtran por ella.","persistente (rail) / disclosure (Compact)","modal","Comandos `disabled` cuando no hay análisis (pestañas de Results) o no hay historial.","Cierre inmediato + efecto de la acción.","Recuerda el elemento previo y lo restaura (`returnFocusRef`).","Nulo mientras está cerrada.","OPORTUNIDAD: la paleta ya conoce la selección pero no la usa para ordenar ni filtrar. Es el sitio natural del patrón ""acciones válidas para lo seleccionado"".","Item de paleta con grupo, pista y atajo.","Uso real en táctil."
"SHL-06","Shell","Navegar a un nudo o barra por identificador","Llegar a un objeto concreto en un modelo grande sin buscarlo a ojo.","La paleta enumera TODOS los nudos y barras del proyecto como comandos del grupo «navegar»; ejecutar selecciona y emite `focus-object`.","src/features/workspace/CommandPalette.tsx:235-260","src/features/workspace/CommandPalette.test.tsx","avanzada","inferencia","contextual","Nudos/barras existentes.","Paleta abierta.","Sólo en la paleta.","Datasheet permite buscar por texto y enfocar (DAT-10). Duplicación legítima: teclado rápido vs auditoría tabular.","—","Buscar por ID sin salir del teclado es exactamente lo que un modelo grande necesita.","7 Power-user","Paleta.","Paleta.","Paleta (vía «Más»).","Escribir el ID + Enter.","Posible pero incómodo.","Resuelve el problema de precisión SIN tocar el lienzo: es la ruta no espacial a un objeto pequeño.","No.","disclosure","modal","—","El lienzo centra el objeto (`focus-object`).","La paleta se cierra y devuelve el foco.","Nulo.","Con miles de entidades la lista es lineal: ¿escala? No se midió.","—","Rendimiento con modelos grandes; el generador admite hasta 2 000 entidades (`MAX_GENERATED_ENTITIES`)."
"SHL-07","Shell","Elegir caso de carga o combinación a analizar","Cambiar la hipótesis sin rehacer el modelo.","`selectedCombinationId` en `ProjectContext`; `select` en la zona de contexto del TopBar, réplica en «Más», y selector propio en la pestaña Cargas del Inspector.","src/features/topbar/TopBar.tsx:362-374, 486; src/features/inspector/Inspector.tsx:280; src/store/ProjectContext.tsx:358-363","src/features/topbar/TopBar.test.tsx; src/store/ProjectContext.test.tsx","alta","inferencia","esencial","Combinaciones definidas en el proyecto.","Ninguna.","TopBar zona contexto (oculta en Compact) + «Más» + Inspector › Cargas.","TRES puertas al mismo estado. La del Inspector está junto a donde se definen las combinaciones, y ésa es su justificación.","F-06 (la zona de contexto entera se va al cajón «Más» en Compact, mezclada con preferencias).","Cambiar de combinación invalida el análisis de forma explícita; no deja resultados de otra hipótesis en pantalla.","2 Contextual a proyecto/análisis","Select visible en TopBar.","Igual (la zona de contexto no se contrae por sí sola).","Dentro de «Más» › sección Análisis.","Select nativo.","Select nativo.","No.","No.","persistente en Expanded / disclosure en Compact","canvas chrome / modal","Sin `disabled`; con cero combinaciones sólo ofrece «casos activos».","Análisis invalidado; Results pasa a estado obsoleto.","—","Parte del TopBar.","Es el control que MÁS se parece a ""contextual a análisis"" y hoy vive fijo en el chrome global. Candidato número uno a reubicarse junto a los resultados.","Selector de hipótesis: cómo se lee que TODO lo que se ve pertenece a esa combinación.","Cuántas combinaciones tiene un proyecto real medio."
"SHL-08","Shell","Cambiar el modo de cálculo (Aula / Completo)","Simplificar o desplegar el conjunto de herramientas y explicaciones.","`settings.calculationMode`. Afecta a: herramientas visibles del rail (`classroomAdvanced`), aparición del `ClassroomGuide` sobre el lienzo, y comandos de la paleta.","src/features/topbar/TopBar.tsx:375-386, 487; src/features/canvas/ToolBar.tsx:188-193; src/features/workspace/WorkspaceShell.tsx:264; src/features/inspector/Inspector.tsx:303-309","src/features/classroom/ClassroomGuide.test.tsx; src/features/canvas/ToolBar.test.tsx","baja","inferencia","configuración","Proyecto.","Ninguna.","CUATRO sitios: TopBar zona contexto, «Más», Inspector › Vista, y el propio guía.","Duplicación EXCESIVA: es un ajuste de baja frecuencia con cuatro puertas permanentes.","F-06; F-03 (la etiqueta «Modo de cálculo» se renderiza a 8px).","Que el modo Aula no amputa capacidad: `showAdvanced` revela las herramientas avanzadas bajo demanda y se auto-revela si la activa está entre ellas.","8 Configuración / preferencias","Select en TopBar + segmented en Inspector.","Igual.","«Más» + Inspector.","Select / segmented.","Igual.","No.","No.","hoy persistente; el análisis sugiere disclosure","canvas chrome / panel","—","El rail y el lienzo cambian de composición.","—","Parte del TopBar.","DECISIÓN: es una preferencia de sesión, no una acción de trabajo. Cuatro puertas permanentes para ella es el ejemplo más claro de acumulación del producto.","Segmented control unificado (hoy conviven `select` y `segmented-control` para el mismo estado).","Si el usuario cambia de modo alguna vez tras la primera elección."
"SHL-09","Shell","Elegir el orden de análisis (1.º orden / P-Delta)","Decidir si se consideran efectos de segundo orden.","`settings.analysisMode` vía `updateProjectAnalysisSettings`, que invalida el análisis.","src/features/topbar/TopBar.tsx:387-398, 488; src/engine/pDelta.ts; src/store/ProjectContext.tsx:446-460","src/engine/pDelta.test.ts; src/engine/advancedAnalysis.test.ts","baja","inferencia","esencial","Proyecto.","Ninguna.","TopBar zona contexto + «Más».","Dos puertas.","F-06.","Cambiarlo invalida el análisis: no quedan resultados de primer orden etiquetados como P-Delta.","2 Contextual a proyecto/análisis","Select en TopBar.","Igual.","«Más» › Análisis.","Select.","Select.","No.","No.","persistente en Expanded","canvas chrome","—","Análisis invalidado.","—","Parte del TopBar.","Baja frecuencia, alta criticidad: es el caso donde ""poco usado"" no puede significar ""escondido"".","Cómo se marca que un ajuste invalida lo que hay en pantalla.","Frecuencia real."
"SHL-10","Shell","Ajustar los parámetros avanzados de P-Delta","Controlar pasos de carga, iteraciones y tolerancias de convergencia.","`PDeltaAdvancedConfig`: un `<details>` con 6 campos numéricos, que sólo aparece cuando `analysisMode === ""p-delta""`, y ÚNICAMENTE dentro del menú «Más».","src/features/topbar/TopBar.tsx:489, 561-599; src/engine/pDelta.ts (DEFAULT_PDELTA_CONFIG)","src/engine/pDelta.test.ts; src/engine/pDeltaBenchmarks.test.ts","avanzada","inferencia","contextual","Modo P-Delta activo.","`analysisMode === ""p-delta""`.","SÓLO dentro del popover «Más», bajo un `<details>` colapsado, dentro de una sección.","NINGUNA. Es la función más escondida del producto: tres niveles de disclosure y ninguna otra ruta.","F-06 (cajón heterogéneo).","Aparición condicionada al modo: es un buen ejemplo de contextualidad ya implementada.","8 Configuración + 2 Contextual a análisis","Idéntico a Compact: «Más» › details. No gana nada por tener más espacio.","Igual.","Igual.","Tab hasta «Más», abrir, expandir `details`, tabular 6 campos.","Igual, con 6 campos numéricos dentro de un popover.","Campos numéricos finos dentro de un popover: caso claro de precisión insuficiente.","No.","disclosure (triple)","modal (popover)","Ignora valores no finitos (`Number.isFinite`).","Análisis invalidado.","Hereda el manejo de Escape del popover.","Nulo.","FUNCIÓN DEMASIADO ESCONDIDA nº 1. La configuración de convergencia de un análisis no lineal no debería vivir bajo un `details` dentro de un popover.","Grupo de parámetros numéricos avanzados con sus valores por defecto visibles.","Si algún usuario ha llegado a estos campos."
"SHL-11","Shell","Cambiar el sistema de unidades","Leer y escribir en las unidades de trabajo propias.","`settings.units` (kN-m, N-mm, kgf-m, kip-ft). `toDisplay`/`fromDisplay` convierten en el borde de presentación; el modelo se guarda siempre en unidades internas.","src/features/topbar/TopBar.tsx:399-415, 494; src/engine/units.ts","src/engine/units.test.ts; src/features/results/phase1NumericInvariance.test.ts","baja","inferencia","esencial","Proyecto.","Ninguna.","TopBar zona contexto + «Más» › Preferencias.","Dos puertas.","F-02 (`units-select` mide 58×30, bajo el mínimo de 36).","RESTRICCIÓN PROTEGIDA CUMPLIDA: cambiar unidades no reinterpreta el modelo. La conversión ocurre en un solo sitio y hay un test de invariancia numérica que lo sostiene.","8 Configuración / preferencias","Select en TopBar.","Igual.","«Más» › Preferencias.","Select.","Select de 58×30 — bajo el mínimo táctil.","No.","No.","persistente en Expanded","canvas chrome","—","Todos los números en pantalla se reexpresan. No hay aviso.","—","Parte del TopBar.","Es preferencia, pero de consecuencia visible inmediata en cada cifra. ¿Preferencia o contexto de lectura?","Cómo se indica la unidad activa sin repetirla en cada celda.","Frecuencia de cambio dentro de una sesión."
"SHL-12","Shell","Cambiar el idioma","Trabajar en español o inglés.","`settings.language`. Paridad forzada por tipos: `export const en: Catalog` obliga a que cada clave exista en ambos.","src/features/topbar/TopBar.tsx:495; src/features/welcome/WelcomeScreen.tsx (languageControl); src/i18n/catalogs.ts","El compilador es el gate (CRI-7 §5).","baja","inferencia","configuración","Ninguno.","Ninguna.","Welcome (cabecera y drawer) + «Más» › Preferencias. NO está en el TopBar de Expanded fuera del cajón.","Dos puertas, en pantallas distintas.","F-06 (mezclado con acciones de trabajo).","Paridad de catálogos garantizada por el sistema de tipos: no hay cadenas huérfanas.","8 Configuración / preferencias","«Más» › Preferencias.","Igual.","Igual.","Select.","Select.","No.","No.","disclosure","modal (popover)","—","Toda la interfaz cambia. `document.documentElement.lang` se sincroniza.","—","Nulo.","Ubicación correcta hoy; el problema es que comparte cajón con Deshacer.","—","—"
"SHL-13","Shell","Cambiar el tema (claro / oscuro)","Adaptar la lectura a la luz ambiente.","`ProjectContext` resuelve el tema en JS y escribe SIEMPRE un `data-theme` explícito. Space3D duplica esta resolución.","src/store/ProjectContext.tsx:45-49; src/features/topbar/TopBar.tsx:496; src/features/workspace/CommandPalette.tsx:213-219; src/features/welcome/WelcomeScreen.tsx (themeControl); src/features/space3d/Space3DWorkspace.tsx:50","src/design-system/tokens.test.ts","baja","inferencia","configuración","Ninguno.","Ninguna.","CUATRO sitios: Welcome, «Más», Command Palette, y Space3D con su propia lógica.","Duplicación excesiva de puertas + duplicación REAL de lógica en Space3D.","F-12 (paleta técnica distinta en oscuro; sin suscripción a `matchMedia`, no sigue el cambio del sistema; el producto ofrece 2 estados donde el Brandbook describe 3).","Escribir siempre `data-theme` evita colores huérfanos dentro de `@media` (Brandbook §14.4).","8 Configuración / preferencias","«Más» + paleta.","Igual.","Igual.","Comando de paleta o botón.","Tap.","No.","No.","disclosure","modal","Sólo dos: no existe «según el sistema».","Cambio inmediato.","—","Nulo.","Space3D duplica la resolución de tema — infracción de ""no duplicar lógica por presentación"".","Tercer estado «según el sistema» que el Brandbook describe y el producto no tiene.","—"
"SHL-14","Shell","Abrir Model Doctor","Revisar el modelo antes o después de analizar.","Comando `open-model-doctor` del bus. Se emite desde el botón del TopBar, el menú «Más», la paleta, `AnalysisStatus` y la tarjeta de análisis fallido de Results.","src/features/topbar/TopBar.tsx:176-185, 421-430, 485; src/features/workspace/CommandPalette.tsx:125-135; src/features/results/ResultsPanel.tsx (FailedResults); src/features/workspace/workspaceCommands.ts:39-40","src/features/model-doctor/ModelDoctor.test.tsx; scripts/qa-model-doctor.mjs; CRI-7 flujo 06","media","inferencia","esencial","Proyecto.","Ninguna: diagnostica sin haber analizado.","Botón propio en TopBar (oculto por CSS bajo 1024px), «Más» (3.ª entrada), paleta, AnalysisStatus, Results fallido.","CINCO puertas — el caso más duplicado del producto, y en su mayoría legítimo porque cada una nace de un problema distinto.","F-06 (pierde afordancia directa bajo 1024px; el botón se oculta con `display:none` en `styles.css:4713-4715`).","Que la ruta de reserva sea COMPLETA en Compact. El problema es de jerarquía, no de capacidad.","2 Contextual a proyecto/análisis","Botón con texto (colapsa a icono bajo 1536px).","Icono en TopBar.","«Más» › Análisis, tercera entrada, sin señal visual de que hay hallazgos.","Tab + Enter; también desde la paleta.","Dos toques en Compact.","No.","No.","persistente en Expanded / disclosure en Compact","drawer","Suspense con `role=""status""` mientras carga el chunk.","Toast automático cuando cambia la firma de hallazgos (`WorkspaceShell.tsx:158-182`).","Recuerda el disparador (`doctorReturnFocusRef`) y hace `inert` el shell cuando la superficie confirma estar lista.","Un botón en Expanded; nada en Compact.","¿El acceso debe ser permanente o debe aparecer cuando HAY hallazgos? El toast ya sabe cuándo los hay.","Indicador de severidad en el lanzador (hoy no existe: el botón no dice si hay 0 o 12 hallazgos).","Frecuencia real de apertura preventiva vs reactiva."
"SHL-15","Shell","Abrir la hoja de datos (Datasheet)","Ver y editar el modelo como tabla.","Comando `open-datasheet`. Botón de icono en TopBar y comando de paleta (grupo «herramientas»). Carga perezosa.","src/features/topbar/TopBar.tsx:431-437; src/features/workspace/CommandPalette.tsx:138-148; src/features/workspace/WorkspaceShell.tsx:140-156","src/features/datasheet/DatasheetPanel.test.tsx; CRI-7 flujo 07","media","inferencia","esencial","Proyecto.","Ninguna.","Icono en TopBar + paleta. En Compact el icono NO se oculta (a diferencia de Model Doctor).","Dos puertas.","F-06 (el arnés lo marcaba `unreachable`; se comprobó a mano que es limitación del arnés).","Al abrir se sitúa sobre lo que ya estaba seleccionado en el lienzo, en vez de mandar a la fila 1.","9 Fullscreen / datos densos","Icono en TopBar → Drawer inferior.","Igual.","Igual.","Tab + Enter, o paleta.","Tap.","No.","Sí, ya lo es: la entidad inicial se deriva del tipo de selección.","persistente","drawer (bottom)","Suspense; se cierra al cambiar de proyecto.","Drawer inferior sobre el lienzo.","Recuerda el lanzador ANTES de abrir, porque la paleta se desmonta (`datasheetReturnFocusRef`).","Un icono en el TopBar; el drawer tapa el lienzo mientras está abierto.","¿El Datasheet es un destino modal o una vista coordinada? Hoy es modal y cerrarse es parte de enfocar un objeto (DAT-10).","Lanzador de superficie densa.","—"
"SHL-16","Shell","Ocultar / mostrar el Inspector","Recuperar ancho para el modelo.","`layout.inspectorCollapsed`, persistido en `localStorage`. Si `fullCanvas` está activo, el toggle lo desactiva y muestra el Inspector.","src/features/workspace/useWorkspaceLayoutPreferences.ts; src/features/workspace/WorkspaceShell.tsx:246-254; src/features/topbar/TopBar.tsx:504-507","src/features/workspace/useWorkspaceLayoutPreferences.test.tsx; src/features/workspace/AppShellLayout.test.tsx","media","inferencia","contextual","Estar en Expanded.","Ninguna.","SÓLO dentro del menú «Más» › Vistas.","Ninguna. No hay botón directo ni atajo.","F-01 (la palanca para arreglar el canvas-budget YA existe; lo que falla es el valor por defecto y la cascada).","Persistencia tolerante a fallos de `localStorage` (try/catch que nunca interrumpe el editor).","8 Configuración de layout (hoy) / debería estudiarse como 4 Canvas-local","«Más» › Vistas.","Igual.","No aplica: en Compact el Inspector ya es hoja.","Tres pasos: abrir «Más», bajar a Vistas, activar.","Igual.","No.","No.","disclosure","modal (popover)","—","El lienzo se ensancha.","El menú se cierra tras la acción.","IMPACTO MÁXIMO: el Inspector ocupa 27.6% del viewport en 1024×768, más que el propio lienzo (24.6%).","FUNCIÓN DEMASIADO ESCONDIDA nº 2. El control que más canvas-budget devuelve está a tres pasos dentro de un cajón de 19 entradas.","Afordancia de colapso de panel en el borde del propio panel (hoy el Inspector sólo tiene tirador de ANCHO, no de colapso).","Cuántos usuarios han encontrado esta preferencia."
"SHL-17","Shell","Entrar/salir de «mesa completa»","Dar todo el ancho al modelo.","`layout.fullCanvas`, persistido. `data-full-canvas` en el shell.","src/features/workspace/useWorkspaceLayoutPreferences.ts; src/features/workspace/AppShellLayout.tsx:46; src/features/topbar/TopBar.tsx:508-511","src/features/workspace/useWorkspaceLayoutPreferences.test.tsx","baja","inferencia","contextual","Expanded.","Ninguna.","SÓLO «Más» › Vistas.","Ninguna.","F-01.","Existe y persiste.","8 Configuración de layout","«Más» › Vistas.","Igual.","Presente pero de efecto menor.","Tres pasos.","Igual.","No.","No.","disclosure","modal (popover)","—","Layout recompuesto.","—","Alto impacto positivo.","Se solapa con SHL-16 sin que la diferencia sea evidente: ocultar Inspector vs mesa completa.","—","Qué hace exactamente `fullCanvas` que no haga `inspectorCollapsed`."
"SHL-18","Shell","Contraer el ToolRail a iconos","Recuperar 88px de ancho.","`layout.toolRailCompact` → prop `compact` del `ToolRail`, que llega a cada `ToolButton` y oculta copia y `kbd`.","src/features/workspace/WorkspaceShell.tsx:262; src/features/canvas/ToolBar.tsx:180, 364-371; src/design-system/components/editor.tsx:47-58","src/features/canvas/ToolBar.test.tsx","baja","inferencia","contextual","Expanded.","Ninguna.","SÓLO «Más» › Vistas.","Ninguna.","F-01 (`styles.css:3512` fuerza el rail a 164px entre 1024 y 1439, matando dos reglas anteriores que lo dejaban en 76px; y `styles.css:3514` revierte el colapso a iconos).","El mecanismo funciona: `compact` está bien propagado por el design system.","8 Configuración de layout","«Más» › Vistas.","Igual — y es justo donde más falta hace.","No aplica (el rail ya es dock flotante).","Tres pasos.","Igual.","No.","No.","disclosure","modal (popover)","—","El rail se estrecha.","—","ToolRail = 14.1% del viewport en 1024×768.","El usuario tiene que corregir a mano un reparto que la app debería proponer bien. CRI-9 debe fijar el valor por defecto por clase de ventana.","Rail de sólo iconos: cómo se conserva la descubribilidad sin la etiqueta.","Coste real en descubribilidad de herramientas (H-1 de CRI-7 pide medirlo)."
"SHL-19","Shell","Redimensionar el Inspector","Ajustar el reparto entre panel y lienzo.","Tirador con `role=""separator""`, `aria-valuemin/max/now`, arrastre por puntero y ajuste por teclado (flechas ±16, Shift ±48, Home/End a los extremos). `clamp` 280-480px.","src/features/inspector/Inspector.tsx:140-160, 187-204; src/features/workspace/useWorkspaceLayoutPreferences.ts:15-31","src/features/inspector/Inspector.test.tsx","baja","inferencia","contextual","Expanded, Inspector visible.","`onDesktopWidthChange` presente (no en modal).","Borde izquierdo del Inspector.","Ninguna.","F-01 (el ancho se escribe inline en `AppShellLayout.tsx:48`, y una declaración inline en un ancestro gana siempre a `:root`; por eso `--inspector-w: 290px` de `styles.css:979` nunca se aplica).","ES EL MEJOR CONTROL DE REDIMENSIÓN DEL PRODUCTO: puntero y teclado con semántica ARIA completa. Debe conservarse tal cual.","4 Canvas-local (negocia el reparto con el lienzo)","Tirador en el borde.","Igual.","No aplica; en su lugar hay detents.","Arrastre o flechas/Home/End con foco en el separador.","Arrastre; el tirador es fino.","Sí: el tirador es una banda estrecha.","No.","persistente","panel","—","Ancho actualizado en vivo y persistido.","El separador es parada de tabulación.","Directo: cada píxel sale del lienzo.","El default de 320px es el que produce el canvas-budget invertido. La palanca existe; el punto de partida está mal.","Tirador de redimensión: ancho de acierto vs ancho dibujado.","Anchura preferida real de los usuarios."
"SHL-20","Shell","Elegir el detent de la hoja Inspector en táctil","Ver más propiedades o más lienzo sin cerrar el panel.","Tres detents (`compact`/`medium`/`large`) con normalización por viewport: altura <340 fuerza `compact`; `large` cae a `medium` en apaisado o con altura <560.","src/features/workspace/useWorkspaceLayoutPreferences.ts:19-26; src/features/inspector/Inspector.tsx:205-212; src/features/workspace/WorkspaceShell.tsx:75-92","src/features/workspace/useWorkspaceLayoutPreferences.test.tsx","media","inferencia","contextual","Inspector en modo modal (Compact).","`modal === true`.","Grupo de tres botones en la cabecera de la hoja.","Ninguna.","F-01 («detents normalizados por viewport» citado como fortaleza).","La normalización reacciona a `resize`, `orientationchange` Y `visualViewport.resize` — cubre el teclado en pantalla.","6 Workflow temporal / hoja","No existe: en Expanded el equivalente es el ancho (SHL-19).","No existe hoy.","Tres botones en la hoja.","Tab + Enter.","Tap. NO hay arrastre del tirador para cambiar detent.","No.","No.","persistente dentro de la hoja","sheet","El detent se corrige solo cuando el viewport no lo admite.","La hoja cambia de altura.","La hoja atrapa el foco y Escape la cierra.","Directo en Compact.","Los detents son la respuesta táctil al mismo problema que el ancho resuelve en puntero. Medium no tiene NINGUNA de las dos.","Hoja con detents: tirador arrastrable además de los botones.","Si el usuario descubre los tres botones o arrastra esperando cambiar de detent."
"SHL-21","Shell","Conocer el estado de persistencia y conectividad","Saber si el trabajo está a salvo.","Siete estados derivados: `local`, `offline`, `recovered`, `load-error`, `save-error`, `conflict`, `repository-error`. Escucha `online`/`offline` del navegador.","src/features/topbar/TopBar.tsx:107-115, 204-243, 529","src/features/topbar/TopBar.test.tsx; src/storage/projectRepository.test.ts","alta","evidencia","esencial","Estado del repositorio + conectividad.","Ninguna.","Chip en TopBar (colapsa a icono en Compact) y bloque con descripción dentro de «Más».","Dos representaciones: resumen glanceable y explicación.","F-08 (la degradación del TopBar en Compact incluye autosave→icono, y es correcta).","Siete estados distinguidos de verdad, con `role=""status""` y `aria-live`. Los errores no se disfrazan de éxito.","1 Global persistente","Chip con etiqueta.","Igual.","Icono; el detalle en «Más».","Es informativo, no accionable.","Igual.","No.","No.","persistente","canvas chrome","Los siete.","`aria-live=""polite""`, `aria-atomic`.","—","Parte del TopBar.","HUECO: el estado `conflict` informa pero no ofrece acción. La restauración vive en el Project Hub, en otra pantalla (ENT-09).","Escala de estados de almacenamiento con forma además de color.","Si el usuario entiende «recuperado» sin más contexto."
"SHL-22","Shell","Exportar el proyecto y compartirlo","Sacar el trabajo de la app: datos, informe, imagen o papel.","SIETE salidas: JSON, copiar al portapapeles (con caída a descarga), PDF de cálculo, bundle `.structureco`, SVG, PNG e imprimir. PDF y bundle analizan primero si hace falta (`analyzeForPortableExport`) y aseguran la traza educativa.","src/features/topbar/TopBar.tsx:256-304, 457-472, 518-527; src/utils/portable.ts; src/utils/export.ts; src/utils/pdf/","src/features/topbar/portableExportAnalysis.test.ts; scripts/inspect-pdf.mjs","baja","inferencia","esencial","Proyecto; algunas salidas requieren análisis.","Ninguna para JSON/SVG/PNG.","Menú de exportación (icono propio) en TopBar + sección Exportar de «Más» (las 7 repetidas) + 4 comandos en la paleta.","TRES puertas con las MISMAS 7 acciones. Es la duplicación menos justificada del producto.","F-06 (las 6 acciones de exportación son 6 de las 19 entradas del cajón «Más»).","La caída del portapapeles a descarga cuando no hay contexto seguro. Y que PDF/bundle no exporten un análisis inexistente en silencio.","2 Contextual a proyecto + 8 Configuración/utilidad","Menú de exportación propio.","Igual.","«Más» › Exportar.","Menú con navegación por flechas.","Tap.","No.","No.","persistente en Expanded","modal (popover)","PDF/bundle: `disabled` mientras `isAnalyzing` o hay otra exportación en curso; etiqueta cambiante («Analizando…» → «Generando…»); `portable-export-error` con `role=""alert""`.","Toast de éxito; error inline en el menú.","Escape cierra y devuelve foco.","Un icono en el TopBar.","Siete salidas × tres puertas = 21 afordancias para una familia de baja frecuencia. Es el caso más claro de ""duplicación innecesaria"".","Menú de exportación agrupado por destino (datos / informe / imagen).","Qué salidas se usan realmente."
"SHL-23","Shell","Recibir avisos transitorios (toasts)","Enterarse de que algo pasó sin perder el sitio.","Comando `show-toast` del bus con tonos `success|info|warning|error` y duración. Un solo componente lo consume.","src/features/workspace/workspaceCommands.ts:53-59; src/features/workspace/ToastNotification.tsx","src/features/workspace/ToastNotification.test.tsx","media","evidencia","contextual","Cualquier acción que lo emita.","Ninguna.","Sobre el lienzo, dentro del `workspace` slot.","Ninguna.","—","Un solo canal tipado para todos los avisos: no hay tres sistemas de notificación compitiendo.","1 Global persistente (canal)","Sobre el lienzo.","Igual.","Igual.","No es accionable.","Igual.","No.","No.","transitorio","overlay sobre canvas","Cuatro tonos.","Es el feedback.","No roba el foco.","Ocupa lienzo mientras dura.","¿Qué merece toast y qué merece estado persistente? Hoy el toast de Model Doctor compite con el chip de AnalysisStatus.","Toast bajo Brandbook con los cuatro tonos.","—"
"SHL-24","Shell","Actualizar la app instalada (PWA)","Recibir una versión nueva sin perder el trabajo.","`watchForPwaUpdates` + `PwaUpdateNotice` con `applyUpdate()`. Carga perezosa.","src/platform/pwaLifecycle.ts; src/platform/PwaUpdateNotice.tsx; src/App.tsx:18","src/platform/pwaLifecycle.test.ts","baja","evidencia","secundaria","Service worker con versión nueva.","App instalada / SW registrado.","Aviso propio.","Ninguna.","F-11 (el favicon/manifest usan `#157A55`, un verde distinto del de la app).","La actualización se ofrece, no se impone.","1 Global persistente","Aviso.","Igual.","Igual.","Tab + Enter.","Tap.","No.","No.","transitorio","overlay","Sólo aparece cuando hay actualización.","Recarga controlada.","No verificado.","Puntual.","—","Coherencia del verde de marca entre icono instalado y CTA (F-11).","Si se pierde estado no persistido al aplicar la actualización."
"MOD-01","Modelado","Elegir herramienta activa","Poner el lienzo en el modo de la tarea que se va a hacer.","`TOOL_REGISTRY` con 12 herramientas en 5 grupos (navegar, crear, cargas, inspeccionar, editar). Cada una declara atajo, colocación móvil (`primary`/`loads`/`more`) y si es avanzada de Aula.","src/features/canvas/toolRegistry.ts:32-45; src/features/canvas/ToolBar.tsx:353-437","src/features/canvas/toolRegistry.test.ts; src/features/canvas/ToolBar.test.tsx","alta","evidencia","esencial","Ninguno: crear geometría no depende de la selección.","Ninguna.","ToolRail (164px permanentes en Expanded) + dock flotante de 5 botones en Compact.","Atajos de una tecla (V H N M S P D O C X B) + comandos de paleta + hoja «Más» táctil.","F-01 (el rail no se contrae entre 1024 y 1439); F-04 (dos gramáticas de estado activo conviven: `sc-tool-button.is-active` que hunde, y la regla legacy `.tool-button.active` que tiñe de plano — el componente pasa AMBAS clases).","Un solo registro de herramientas alimenta rail, dock táctil, hoja móvil y paleta. Añadir una herramienta es una línea, no cuatro superficies.","1 Global persistente (crear) + 4 Canvas-local","Rail con etiqueta y `kbd` visible.","Rail idéntico (no se contrae solo — F-01).","Dock flotante horizontal sobre el lienzo con 5 destinos: Seleccionar, Nodo, Barra, Apoyo, Cargas▸, Más▸.","Tecla única por herramienta (`toolFromShortcut`). Es la ruta más rápida del producto.","Tap en el dock; las herramientas secundarias viven en dos hojas modales (`loads`, `more`).","No para elegir; sí para usar (ver SEL/CNV).","Parcialmente: el grupo «Editar» sólo muestra el lanzador de edición estructural si `canEditSelection`. Es el único caso de contextualidad del rail.","persistente","canvas chrome (rail/dock)","Activa = hundida (Clay) y además teñida (legacy).","Badge de modo sobre el lienzo (`canvas-mode-badge`) con instrucción de colocación.","Escape devuelve a `select` y limpia el estado de colocación.","ToolRail = 14.1% del viewport en 1024×768; 9.7% en 1536×960.","Las herramientas de CREACIÓN no pueden depender de la selección (no hay nada seleccionado al crear). Las de EDICIÓN sí. El rail hoy no distingue.","Unificar la gramática de estado activo: hundido, nunca teñido y hundido a la vez.","Frecuencia relativa entre herramientas."
"MOD-02","Modelado","Crear un nudo","Añadir un punto a la estructura.","Herramienta `node` (tecla N). Clic/tap en el fondo del lienzo → `addNode(modelPointFromClient(...))`, con snap activo si procede.","src/features/canvas/StructuralCanvas.tsx:1317; src/utils/snapping.ts","src/features/canvas/StructuralCanvas.structuralEditing.test.tsx; qa.mjs","alta","inferencia","esencial","Ninguno.","Herramienta `node` activa.","Lienzo, con la herramienta activa.","Datasheet no crea nudos sueltos (crea por edición de celda sobre filas existentes). Generadores crean nudos en lote. Entrada rápida numérica (MOD-11).","F-02 (bloque `(pointer:coarse)` correcto: `.node-object .node-hit { r:22px }`).","Área de acierto táctil ampliada SIN engordar el trazo dibujado. Es exactamente la separación que pide el Brandbook §02.","4 Canvas-local","Rail → clic.","Igual.","Dock → tap.","N + clic. Snap a rejilla/nudos/puntos medios/intersecciones/perpendicular según `snapTargets`.","Tap con lupa activa durante la colocación (`syncTouchLoupe`).","Sí. Resuelta con: snap configurable + lupa táctil + entrada numérica.","No.","persistente","canvas","Instrucción de colocación en el badge de modo.","Nudo dibujado + lectura de coordenadas en el chrome.","Escape cancela y vuelve a `select`.","Consume lienzo sólo mientras se coloca.","—","Retícula de snap y su realimentación visual.","Frecuencia real."
"MOD-03","Modelado","Crear una barra","Conectar dos nudos con un elemento estructural.","Herramienta `member` (tecla M) en dos tiempos: `createMemberEndpoint` guarda el origen (`memberStart`) y el segundo punto cierra la barra. Crea nudos si no existen.","src/features/canvas/StructuralCanvas.tsx:1318; src/data/modelOperations.ts","src/features/canvas/StructuralCanvas.structuralEditing.test.tsx","alta","inferencia","esencial","Ninguno.","Herramienta `member` activa.","Lienzo.","Generadores (MOD-14) para lotes; Repeat (MOD-12) para repetir la última.","F-02 (`.member-hit { stroke-width:44 }` bajo puntero grueso).","El estado intermedio (origen elegido, esperando destino) se cancela con Escape y se anuncia en el badge de modo.","4 Canvas-local + 6 Workflow temporal (los dos tiempos)","Rail → dos clics.","Igual.","Dock → dos taps.","M + dos clics; Escape cancela a medio camino.","Dos taps con lupa.","Sí: el segundo punto debe caer en un nudo concreto.","No.","persistente","canvas","Estado intermedio explícito con instrucción.","Previsualización + barra dibujada.","Escape limpia `memberStart`.","—","El patrón ""operación en dos tiempos con estado intermedio"" existe aquí, en cut y en la edición estructural. ¿Es un patrón del sistema?","Estado intermedio de creación: cómo se lee que falta un paso.","Frecuencia real."
"MOD-04","Modelado","Aplicar o cambiar un apoyo","Definir cómo está sujeta la estructura.","Herramienta `support` (tecla S) sobre un nudo → `performNodeAction`. Alternativamente, el Inspector edita `supportType` (pin/roller/fixed/custom/none), `angleDeg`, `restrainX/Y/R`, muelles `kx/ky/kr/kNormal` y desplazamientos prescritos.","src/features/canvas/StructuralCanvas.tsx:1188-1192; src/features/inspector/InspectorProperties.tsx:194-225","src/features/inspector/Inspector.test.tsx; src/features/bulk-edit/bulkEditSupports.test.ts","alta","inferencia","esencial","Nudo.","Nudo existente.","Lienzo (rápido, tipo por defecto) + Inspector (completo) + Datasheet (columna) + Bulk Edit (masivo).","CUATRO puertas, todas legítimas: gesto rápido, detalle, tabular y masivo.","F-03 (etiquetas del Inspector a 9px).","Los muelles y los desplazamientos prescritos existen y no se pierden al cambiar de tipo (`const spring = node.support.spring` se conserva).","3 Contextual a selección + 5 Inspector/detail","Lienzo + Inspector permanente.","Igual.","Lienzo + hoja Inspector.","S + clic para el rápido; Tab en el Inspector para el detalle.","Tap con herramienta; hoja Inspector para el detalle.","Sí: el apoyo se aplica a un nudo concreto entre varios cercanos.","SÍ, plenamente: sólo tiene sentido con un nudo (o varios) seleccionado.","persistente (herramienta) + contextual (propiedades)","canvas + inspector + table","El Inspector sólo muestra la sección si hay nudo seleccionado.","Símbolo de apoyo en el lienzo.","Escape deselecciona.","El Inspector permanente es el mayor consumidor (27.6% en 1024×768).","La herramienta `support` del rail está SIEMPRE visible aunque no haya nudo; la edición fina está SIEMPRE visible aunque no haya selección. Ambas mitades son candidatas a contexto.","Editor de apoyo: tipo, ángulo, restricciones y muelles en una sola lectura.","Qué tipo de apoyo se usa más."
"MOD-05","Modelado","Colocar una carga puntual","Aplicar una fuerza en un nudo o en un punto de una barra.","Herramienta `pointLoad` (tecla P). Sobre `memberLoad` existente, la herramienta resuelve al MIEMBRO soporte para permitir añadir otra carga encima.","src/features/canvas/StructuralCanvas.tsx:1218-1227, 1285-1288","src/engine/loadAudit.test.ts; src/features/canvas/StructuralCanvas.structuralEditing.test.tsx","alta","inferencia","esencial","Nudo o barra.","Herramienta activa.","Lienzo + hoja «Cargas» del dock táctil + pestaña Cargas del Inspector (que sólo ELIGE la herramienta y cierra).","Tres lanzadores para la misma herramienta.","F-02 (`.load-hit { stroke-width:44 }` bajo puntero grueso). F-03 (`text.preview-load-label` «Fy» a 8px sobre el lienzo).","La resolución de objetivo es deliberada y está comentada: las cargas son fáciles de acertar pero no bloquean las herramientas cuyo destino es la barra.","4 Canvas-local + 3 Contextual a selección","Rail grupo «Cargas».","Igual.","Dock → hoja «Cargas».","P + clic.","Tap → hoja → tap herramienta → tap destino (tres toques).","Sí: distinguir nudo de barra de carga existente en el mismo punto.","SÍ.","persistente","canvas + sheet","Instrucción de colocación explícita.","Símbolo de carga + rótulo con la magnitud.","Escape cancela la colocación (botón X en el badge de modo).","—","En Compact colocar una carga cuesta 3 toques frente a 2 en Expanded. ¿Es aceptable o es el precio de no tener rail?","Símbolo de carga y su rótulo: hoy el rótulo va a 8px.","Frecuencia relativa entre tipos de carga."
"MOD-06","Modelado","Colocar una carga distribuida","Aplicar una carga repartida sobre una barra.","Herramienta `distributedLoad` (tecla D). Soporta `qxStart/qxEnd/qyStart/qyEnd`, sistema de coordenadas y base de longitud (visible en las referencias de Model Doctor).","src/features/canvas/toolRegistry.ts:39; src/features/model-doctor/ModelDoctor.tsx:76-82; src/types.ts","src/engine/loadIntervalRegression.test.ts; src/engine/loadAudit.test.ts","alta","inferencia","esencial","Barra.","Barra existente.","Lienzo + hoja «Cargas» + Inspector › Cargas.","Datasheet (entidad `loads`) edita magnitudes existentes; Bulk Edit las edita en masa.","F-03 (`text.distributed-symbol` y rótulos a 8-10px).","El modelo distingue coordenadas locales/globales y base de longitud proyectada/real: no simplifica la física.","4 Canvas-local + 3 Contextual a selección","Rail.","Igual.","Dock → hoja «Cargas».","D + arrastre/clic sobre la barra.","Tres toques.","Sí: el tramo se define sobre la barra.","SÍ.","persistente","canvas + sheet","Instrucción de colocación.","Símbolo distribuido con rótulos.","Escape.","—","—","Símbolo de carga distribuida legible a densidad alta.","Si el usuario controla el sistema de coordenadas desde la interfaz o sólo desde el Datasheet."
"MOD-07","Modelado","Colocar un momento","Aplicar un par en un nudo o barra.","Herramienta `moment` (tecla O). En nudos genera `mz`; en barras, `type: ""moment""`.","src/features/canvas/toolRegistry.ts:40; src/features/canvas/repeatAction.ts:26-33","src/engine/loadAudit.test.ts","media","inferencia","esencial","Nudo o barra.","Objeto existente.","Lienzo + hoja «Cargas» + Inspector › Cargas.","Igual que MOD-05.","—","El `resolveRepeatRecipe` distingue un momento puro (`|mz|>0` con `fx=fy=0`) de una carga puntual para elegir la herramienta correcta al repetir. Es un detalle fino y correcto.","4 Canvas-local + 3 Contextual a selección","Rail.","Igual.","Dock → hoja «Cargas».","O + clic.","Tres toques.","Sí.","SÍ.","persistente","canvas + sheet","Instrucción.","Símbolo de momento.","Escape.","—","—","Símbolo de momento con sentido de giro legible.","—"
"MOD-08","Modelado","Dividir una barra (Split)","Insertar un nudo intermedio conservando propiedades.","Herramienta `split` (tecla B), marcada `classroomAdvanced`. En Aula no aparece salvo que se pida «Más» o esté activa.","src/features/canvas/toolRegistry.ts:43; src/features/model-doctor/topologyRepairPreview.ts (split con conservación de releases, muelles y offsets)","src/features/model-doctor/topologyRepairPreview.test.ts; src/commands/topologyRepairCommand.test.ts","media","inferencia","esencial","Barra.","Barra existente.","Rail grupo «Editar» + hoja «Más» táctil + paleta.","Model Doctor propone divisiones automáticas con preview (DOC-05).","—","La división CONSERVA releases, muelles rotacionales y offsets rígidos, y lo declara explícitamente en el preview de reparación.","3 Contextual a selección + 4 Canvas-local","Rail.","Igual.","Hoja «Más».","B + clic en el punto.","Dos niveles + tap.","Sí: el punto de división importa.","SÍ.","persistente (oculta en Aula)","canvas + sheet","Oculta en modo Aula hasta pedir «Más».","Nudo nuevo + dos barras.","Escape.","—","El ocultamiento por modo Aula ya es un precedente de ""capacidad presente, exposición contextual"". CRI-9 puede generalizarlo.","—","—"
"MOD-09","Modelado","Borrar objetos","Quitar geometría o cargas del modelo.","Herramienta `delete` (marcada `destructive`) + teclas `Delete`/`Backspace` globales sobre la selección actual.","src/features/canvas/toolRegistry.ts:44; src/features/canvas/StructuralCanvas.tsx:1713-1716, 1199","src/features/canvas/StructuralCanvas.structuralEditing.test.tsx","alta","inferencia","esencial","Selección o clic con la herramienta.","Objeto existente.","Rail (destructiva) + tecla + hoja «Más».","Tres puertas.","—","Reversible por undo; marcada `destructive` en el registro, lo que da al design system la información para tratarla distinto.","3 Contextual a selección","Rail + tecla.","Igual.","Hoja «Más» + tecla si hay teclado.","Delete/Backspace sobre la selección. Es la ruta natural.","SIN TECLADO: hay que entrar en la hoja «Más», elegir la herramienta destructiva y tocar el objeto. Tres pasos para borrar.","Sí, y con consecuencia irreversible-en-un-paso.","SÍ, plenamente.","persistente (oculta en Aula)","canvas + sheet","Sin confirmación. Sólo undo.","El objeto desaparece. Sin toast ni anuncio de cuántos objetos se borraron.","Escape antes de confirmar; después, undo.","—","Borrar en táctil cuesta 3 pasos y no tiene deshacer accesible sin teclado (SHL-03 no tiene atajo y en Compact vive en «Más»). Es un hueco real.","Acción destructiva: cómo se marca sin volverse alarmista, y cómo se ofrece deshacer inmediato.","Si el usuario táctil encuentra el undo tras un borrado accidental."
"MOD-10","Modelado","Transformar la selección (mover, rotar, espejo, matriz, alinear, distribuir)","Reorganizar geometría existente con precisión numérica.","SEIS operaciones reales: `move`, `rotate`, `mirror` (transform|copy), `linear-array` (dirección + separación + número), `align` (6 alineaciones) y `distribute` (eje x|y). Flujo preparar → preview → aplicar, con `sourceSnapshot` que detecta si el modelo cambió bajo el preview.","src/data/structuralEditing.ts:17-36, 557-660; src/features/canvas/structuralEditUi.ts; src/features/canvas/StructuralEditOverlay.tsx; src/features/canvas/CanvasStructuralEditPreviewLayer.tsx","src/data/structuralEditing.test.ts; src/features/canvas/StructuralEditOverlay.test.tsx; scripts/qa-structural-edits.mjs (+ variante WebKit)","media","inferencia","esencial","Selección de nudos y/o barras.","`canEditSelection`: nudo, barra o multi no vacía.","Lanzador `open-structural-edit` que SÓLO aparece en el grupo «Editar» del rail cuando hay selección válida, y en la hoja «Más» táctil bajo la misma condición.","Gesto de puntero sobre el lienzo (`startStructuralEditPointer`) para el arrastre; los valores exactos, en el overlay.","—","ES EL MEJOR EJEMPLO DE CONTEXTUALIDAD YA IMPLEMENTADO: el lanzador no existe si no hay nada que transformar. Y el preview se invalida si el modelo cambia debajo.","3 Contextual a selección + 6 Workflow temporal","Rail (condicional) → overlay sobre el lienzo.","Igual.","Hoja «Más» › Editar (condicional) → overlay.","Arrastre para el gesto; campos numéricos para exactitud; Escape cancela el borrador.","Arrastre + campos. La lupa acompaña el arrastre.","Sí, y está resuelta por la doble vía gesto+número.","SÍ — ya lo es.","disclosure condicionada a selección","workflow (overlay sobre canvas)","`structuralEditCommitError`; el borrador se cancela si la selección cambia; preview obsoleto detectado por snapshot.","Preview geométrico en vivo (`createStructuralEditGeometryPreview`).","Escape cancela el borrador (`StructuralCanvas.tsx:1657-1661`).","Overlay temporal sobre el lienzo.","ESTE ES EL PATRÓN A GENERALIZAR: aparece por selección, ocupa espacio sólo mientras dura, previsualiza y se cancela con Escape.","Overlay de transformación: gesto y número en la misma superficie.","Si el usuario descubre que el lanzador aparece sólo con selección."
"MOD-11","Modelado","Entrada numérica rápida durante la colocación","Colocar con exactitud sin depender del pulso.","`quickEntry` con dos campos y `parseLocalizedDecimal` que acepta coma y punto. Estado `quickEntryError` propio.","src/features/canvas/quickEntry.ts; src/features/canvas/StructuralCanvas.tsx (setQuickEntry, quickEntryError)","src/features/canvas/quickEntry.test.ts","media","inferencia","esencial","Colocación en curso.","Herramienta de creación activa.","Sobre el lienzo, durante la colocación.","Inspector (coordenadas exactas tras crear) y Datasheet.","—","Acepta decimales con coma: es la diferencia entre usable e inusable en español. Y el error es propio del campo, no un toast.","6 Workflow temporal","Aparece durante la colocación.","Igual.","Igual.","Teclear + Enter.","Teclado en pantalla; compite con la lupa por el espacio.","ES la respuesta a la precisión: entrada exacta sin puntería.","No.","transitorio","workflow (overlay)","`quickEntryError` inline.","El punto se coloca en la coordenada tecleada.","Escape limpia campos y error.","Temporal.","Es la ruta de precisión que NO depende del método de entrada. Merece ser primera clase, no un accesorio de la colocación.","Campo numérico flotante sobre lienzo, legible en ambos temas.","Descubribilidad real."
"MOD-12","Modelado","Repetir la última operación (Repeat)","Volver a aplicar lo que se acaba de hacer sin reconfigurarlo.","`resolveRepeatRecipe` deriva del objeto SELECCIONADO una receta con su plantilla completa (miembro sin id/i/j; carga sin id/nodeId). Excluye barras `rigid`. Tecla `R` y overlay propio.","src/features/canvas/repeatAction.ts:1-40; src/features/canvas/RepeatActionOverlay.tsx; src/features/canvas/StructuralCanvas.tsx:1663-1668","src/features/canvas/repeatAction.test.ts; reports/2026-08-11-2345-topbar-repeat-contextual.md","media","inferencia","contextual","Selección de un objeto repetible (no multi, no rigid).","`repeatCandidate` no nulo.","Tecla `R` + overlay contextual sobre el lienzo.","Ninguna en menú: NO está en la paleta de comandos ni en «Más».","—","Deriva la receta del objeto real, no de un historial de acciones: repetir una barra copia su sección, material, releases y muelles.","3 Contextual a selección","Tecla + overlay.","Igual.","SÓLO overlay: sin teclado físico no hay tecla `R`. No verificado si el overlay es alcanzable por tap en Compact.","`R` sobre la selección.","UNKNOWN: no se verificó una ruta táctil independiente del teclado.","No.","SÍ — ya lo es.","disclosure condicionada a selección","workflow (overlay)","No hay `repeatCandidate` → la tecla no hace nada (silencio, no aviso).","Overlay de repetición.","Escape limpia `repeatRecipe`.","Temporal.","Función potente sin ruta de menú ni entrada en la paleta. Si el teclado falla, no existe.","Overlay de repetición contextual.","Ruta táctil de Repeat — UNKNOWN explícito."
"MOD-13","Modelado","Copiar, pegar y duplicar","Reutilizar una parte del modelo.","`Ctrl/⌘+C` → `copyModelSelection`; `Ctrl/⌘+V` → `pasteModelClipboard` con desplazamiento acumulativo (`pasteCountRef` × `gridSize`); `Ctrl/⌘+D` → borrador de duplicado con desplazamiento editable.","src/features/canvas/StructuralCanvas.tsx:1669-1692; src/features/canvas/duplicatePreview.ts","src/features/canvas/duplicatePreview.test.ts","media","inferencia","esencial","Selección.","Portapapeles interno con contenido (para pegar).","SÓLO por teclado. No hay botón, entrada de menú ni comando de paleta para copiar/pegar/duplicar.","NINGUNA.","—","El pegado se desplaza progresivamente: pegar tres veces no apila tres copias en el mismo sitio.","3 Contextual a selección + 7 Power-user","Sólo teclado.","Sólo teclado.","INEXISTENTE sin teclado físico.","Ctrl+C / Ctrl+V / Ctrl+D.","NO EXISTE. Hueco funcional real en Compact táctil.","No.","SÍ.","invisible (sólo atajo)","canvas","Pegar sin portapapeles no hace nada.","Objetos pegados quedan seleccionados.","Escape cancela el borrador de duplicado.","—","HUECO DE ACCESO CONFIRMADO: copiar/pegar/duplicar no tienen ninguna ruta táctil. La restricción ""no crear versión funcional separada para móvil"" está incumplida aquí.","Acciones de portapapeles contextual a selección.","Si `linear-array` (MOD-10) cubre en la práctica la necesidad de duplicar en táctil."
"MOD-14","Modelado","Generar una estructura completa","Crear vigas continuas, pórticos, pórticos multi-planta, armaduras o rejillas de una vez.","CINCO familias reales (`continuous-beam`, `portal-frame`, `multi-story-frame`, `truss` con topologías, `grid`), separación uniforme o por lista, apoyos base (`none|pin|roller|fixed`), propiedades por catálogo o explícitas. Tope de 2 000 entidades; aviso a partir de 400. Preview fantasma sobre el lienzo y origen elegible con el puntero.","src/data/generators/structureGenerators.ts:31-34, 380; src/data/generators/generatorTypes.ts; src/features/structure-generator/StructureGeneratorPanel.tsx; src/features/canvas/CanvasStructureGeneratorLayer.tsx; src/commands/structureGeneration.ts","src/data/generators/structureGenerators.test.ts; generatorDeterminism.test.ts; generatorValidation.test.ts; scripts/qa-structure-generator.mjs (+ WebKit)","media","inferencia","esencial","Ninguno: crea geometría, no la transforma.","Ninguna.","Botón propio en el grupo «Crear» del rail + hoja «Más» › Crear + comando de paleta.","Tres puertas, todas coherentes con «crear».","—","IDENTIDAD DE CATÁLOGO PRESERVADA: `properties: catalog | explicit` mantiene `materialId`/`sectionId` explícitos en vez de inferirlos por floats. Y hay un test de determinismo.","1 Global persistente (crear) + 6 Workflow temporal","Rail → panel con formulario + preview en el lienzo.","Igual.","Hoja «Más» › Crear → panel.","Formulario extenso + elección del origen con el puntero (`pickGeneratorOrigin` en fase de captura).","Formulario + tap para el origen.","Sí para el origen; el resto es numérico.","NO, y está bien: se documenta explícitamente que no depende de la selección para no aparecer nunca deshabilitado.","persistente","workflow (panel + canvas preview)","Errores por campo; aviso de modelo grande a partir de 400 entidades; tope duro en 2 000.","Fantasma en el lienzo antes de escribir; una sola entrada de historial al aplicar.","Cancelable.","Panel temporal.","El generador es ""crear"" y no depende de selección; la edición estructural es ""transformar"" y sí depende. El rail los mezcla en el mismo espacio permanente.","Formulario de parámetros con preview simultáneo.","Frecuencia relativa entre las cinco familias."
"MOD-15","Modelado","Medir con la herramienta de dimensión","Leer una distancia sobre el modelo.","Herramienta `dimension` (tecla C), marcada `classroomAdvanced`. `settings.showDimensions` controla su capa.","src/features/canvas/toolRegistry.ts:41; src/features/inspector/Inspector.tsx:318","src/features/canvas/toolRegistry.test.ts","baja","inferencia","secundaria","Geometría.","Herramienta activa.","Rail grupo «Inspeccionar» + hoja «Más» + paleta.","La capa `dimensions` del control de capas gobierna la visibilidad.","—","Su visibilidad es una capa, no un ajuste enterrado.","4 Canvas-local","Rail.","Igual.","Hoja «Más».","C + clics.","Dos niveles + taps.","Sí.","No.","persistente (oculta en Aula)","canvas","—","Cota dibujada.","Escape.","—","—","Cota: trazo y tipografía legibles a densidad alta.","Frecuencia real."
"MOD-16","Modelado","Hacer un corte para leer valores internos","Consultar N/V/M en una posición concreta de una barra.","Herramienta `cut` (tecla X), `classroomAdvanced`. `showCut` calcula el ratio a lo largo del eje y evalúa el diagrama en ese punto; el corte puede fijarse (`pinned`).","src/features/canvas/toolRegistry.ts:42; src/features/canvas/StructuralCanvas.tsx:1750-1766; src/engine/cut.ts","src/engine/cut.test.ts; src/engine/discontinuity.test.ts","media","inferencia","contextual","Barra + análisis correcto.","`resultsAllowed && analysis?.success`.","Rail grupo «Inspeccionar» + hoja «Más» + paleta.","`resultCursor` del panel de Results recorre el diagrama; el corte lo hace sobre el lienzo. Duplicación LEGÍTIMA: leer sobre el modelo vs leer sobre la gráfica.","—","El corte respeta discontinuidades y saltos del diagrama (`diagramJumps`), no interpola a ciegas.","3 Contextual a selección + 2 Contextual a análisis","Rail.","Igual.","Hoja «Más».","X + hover/clic sobre la barra.","Sin hover: hay que tocar. El corte fijado (`pinned`) es la respuesta táctil correcta.","Sí: la posición del corte es el dato.","SÍ.","persistente (oculta en Aula)","canvas","No hace nada sin análisis correcto — SIN decirlo. La herramienta se puede elegir igualmente.","Valor en el punto.","Escape limpia el corte.","—","Herramienta que sólo funciona tras analizar, pero que está disponible siempre y no explica su precondición. Es el caso tipo de ""disabled sin explicación"".","Marca de corte y su lectura numérica sobre el lienzo.","Si el usuario entiende por qué la herramienta «no hace nada» antes de analizar."
"SEL-01","Selección","Seleccionar un objeto","Decirle a la app sobre qué se va a actuar.","Herramienta `select` (tecla V). `Selection` es una unión discriminada: `node | member | nodalLoad | memberLoad | multi | null`. La selección es ÚNICA para todo el workspace.","src/types.ts (Selection); src/store/WorkspaceUIContext.tsx; src/features/canvas/StructuralCanvas.tsx:1228-1295","src/features/canvas/selectionVisuals.test.ts; src/store/ProjectContext.test.tsx","alta","evidencia","esencial","Geometría existente.","Ninguna.","Lienzo (clic/tap), Datasheet (fila), paleta (por ID), Model Doctor (localizar), tarjetas de Results (objeto crítico).","CINCO puertas al MISMO estado `Selection`. Es la mejor decisión de arquitectura del producto.","F-02 (áreas de acierto ampliadas bajo puntero grueso).","UNA SOLA SELECCIÓN COMPARTIDA. Lienzo, Inspector, Datasheet, Results y Model Doctor hablan del mismo objeto sin sincronización explícita.","3 Contextual a selección (es la fuente del contexto)","Clic.","Clic/tap.","Tap.","V + clic; Shift para acumular; Alt cicla candidatos solapados.","Tap; pulsación larga arma acciones adicionales (`long-press`).","SÍ — es el problema de precisión central del producto.","Es el contexto.","persistente","canvas / table / modal","Filtro de selección (`selectionFilter`) puede hacer un objeto no seleccionable SIN señal en el lienzo.","Realce visual + apertura de la hoja Inspector en Compact (`onRequestInspector`).","Los objetos SVG son paradas de tabulación con indicador de foco propio.","—","La selección única es la restricción que hace posible todo lo contextual. CRI-9 debe construir sobre ella, no romperla.","Realce de selección: contorno vs relleno, y su versión sobre diagramas.","Que `selectionFilter` esté ocultando objetos no se comunica en el lienzo."
"SEL-02","Selección","Resolver objetos solapados con puntero","Elegir cuál de varios objetos coincidentes se quería.","DOS mecanismos combinados: (a) `document.elementsFromPoint` reúne TODOS los candidatos bajo el cursor, respetando `selectionFilter`; (b) si hay más de uno, se abre un `overlapPicker` con la lista Y un `cycleIndicator` («3 de 5»). Clic repetido en el mismo punto (≤6px, ≤900ms) o `Alt` cicla al siguiente.","src/features/canvas/StructuralCanvas.tsx:1245-1283; :258 (estado overlapPicker)","src/features/canvas/canvasInteraction.test.ts","alta","evidencia","esencial","Varios objetos bajo el mismo punto.","Herramienta `select`, puntero NO táctil.","Lienzo, automático.","Paleta por ID (SHL-06); filtro de selección (SEL-06); Datasheet.","—","ESTO YA RESUELVE EL PROBLEMA QUE ONSHAPE RESUELVE CON «Select Other», y con dos afordancias a la vez: lista explícita Y ciclado. Es una fortaleza que ninguna propuesta debe perder.","4 Canvas-local + 6 Workflow temporal","Picker + indicador.","Igual.","NO SE ACTIVA. El código sale antes por la rama `pointerType === ""touch""`, que resuelve la intención pan/long-press primero. En táctil no hay picker de solapados.","Clic repetido o Alt+clic; el picker es navegable.","NO DISPONIBLE — hueco explícito y verificado en `StructuralCanvas.tsx:1241-1244`.","ES la respuesta a la precisión con puntero.","No.","transitorio","workflow (overlay sobre canvas)","El indicador desaparece a los 1100 ms.","Lista de candidatos + contador «i de n».","Escape cierra el picker.","Overlay temporal, con `clamp` para no salirse del lienzo.","HUECO DE PARIDAD: el mejor mecanismo de precisión del producto está apagado justo en el método de entrada que más lo necesita.","Picker de candidatos: cómo se lee la lista sin tapar el punto que se intenta acertar.","Si la lupa táctil compensa en la práctica la ausencia del picker."
"SEL-03","Selección","Seleccionar con marco (box select)","Coger muchos objetos de una vez.","Arrastre sobre el fondo con la herramienta `select` → interacción `selection-box`, con `additive` si se mantiene Shift.","src/features/canvas/StructuralCanvas.tsx:1319-1322; src/features/canvas/canvasInteraction.ts","src/features/canvas/canvasInteraction.test.ts","alta","inferencia","esencial","Fondo del lienzo.","Herramienta `select`, puntero NO táctil.","Lienzo.","Datasheet con rango por Shift (DAT-04). Duplicación LEGÍTIMA: espacial vs por criterio.","—","Shift acumula en vez de reemplazar: coherente con el resto del producto.","4 Canvas-local","Arrastre.","Arrastre.","NO EXISTE en táctil: un arrastre de un dedo sobre el fondo es PAN (`StructuralCanvas.tsx:1307-1311`), no marco.","Arrastre; Shift para acumular. La pista está en el rail (`selection-tip`).","NO DISPONIBLE. La ruta táctil a multiselección es el Datasheet o taps acumulativos.","No, pero sí para la multiselección.","No.","transitorio","canvas","—","Rectángulo dibujado + realce de lo capturado.","Escape cancela.","—","HUECO DE PARIDAD nº 2: seleccionar varios objetos en el lienzo táctil no tiene equivalente. La ruta de reserva (Datasheet) existe, pero es otra tarea mental.","Marco de selección: trazo y relleno.","Si taps acumulativos funcionan en táctil (no verificado si el tap acumula o reemplaza)."
"SEL-04","Selección","Multiselección acumulativa","Componer un conjunto a mano.","`Selection.multi { nodeIds, memberIds }`. Shift+clic acumula. IMPORTANTE: `multi` sólo transporta nudos y miembros — NO cargas, y está documentado así en el Datasheet.","src/types.ts; src/features/datasheet/DatasheetPanel.tsx:58-71; src/features/canvas/ToolBar.tsx:200-202","src/features/bulk-edit/bulkEditScope.test.ts; src/features/datasheet/DatasheetPanel.test.tsx","media","inferencia","esencial","Objetos existentes.","Ninguna.","Lienzo (Shift+clic, marco) + Datasheet (filas, rango).","Dos puertas legítimas.","—","La limitación de `multi` a nudos y miembros es DELIBERADA y está justificada en el código: editar varias cargas no lo necesita porque las ediciones son por celda. No se amplió el tipo por comodidad.","3 Contextual a selección","Shift+clic / marco.","Igual.","Sólo vía Datasheet (ver SEL-03).","Shift+clic; rango con Shift en el Datasheet.","Vía Datasheet.","Sí.","Es el contexto.","persistente","canvas + table","Con `multi`, el Inspector muestra Bulk Edit; el rail revela el lanzador de edición estructural.","Contador en el Inspector; resumen de selección en Bulk Edit.","Escape limpia la selección.","—","Multiselección de CARGAS no existe como estado. Si CRI-9 quiere «acciones válidas para la selección», debe saber que ese caso no se puede expresar hoy.","Resumen de selección múltiple.","Si el tap acumula en táctil."
"SEL-05","Selección","Deseleccionar","Salir del contexto actual.","Escape limpia selección, `memberStart`, entrada rápida, picker de solapados, receta de repetición y corte, y vuelve a la herramienta `select`. Clic en el fondo también deselecciona con herramientas que no sean select/pan.","src/features/canvas/StructuralCanvas.tsx:1698-1712, 1323-1327","src/features/canvas/StructuralCanvas.structuralEditing.test.tsx","alta","evidencia","esencial","Cualquier estado.","Ninguna.","Escape + clic en el fondo.","Datasheet tiene su propio `onClearSelection`.","—","ESCAPE ES UN VERDADERO «CANCELAR TODO»: limpia siete estados distintos en un solo gesto y devuelve la herramienta a select. Muy pocos editores lo hacen tan completo.","3 Contextual a selección","Escape.","Escape.","Sin teclado, sólo tap en el fondo — que además debe distinguirse de un pan.","Escape.","Tap en vacío.","No.","Sí.","invisible","canvas","—","Realce retirado.","Es el gesto de foco/cancelación.","—","Escape es el contrato de cancelación del producto. Cualquier superficie nueva debe respetarlo.","—","Equivalente táctil completo de Escape."
"SEL-06","Selección","Filtrar qué tipos son seleccionables","Trabajar en zonas densas sin coger lo que no se busca.","`settings.selectionFilter { nodes, members, loads }`, respetado tanto en el clic directo como en la reunión de candidatos solapados.","src/features/inspector/Inspector.tsx:333-337; src/features/canvas/StructuralCanvas.tsx:1229-1236, 1254-1256","src/features/canvas/canvasInteraction.test.ts","media","inferencia","contextual","Trabajo en zona densa.","Ninguna.","Inspector › Vista › sección «Precisión CAD», tras `selectionDragHelp`.","NINGUNA. No está en el lienzo, ni en la paleta, ni en las capas.","F-03 (`field-help` a 10px).","Se aplica de verdad a los dos caminos de selección, no sólo al directo.","4 Canvas-local (hoy clasificado como 8 Configuración)","Inspector › Vista, tercer nivel.","Igual.","Hoja Inspector › Vista.","Chips con `aria-pressed`.","Tap.","ES una herramienta de precisión, y vive donde nadie la busca durante la selección.","No.","disclosure profundo","panel","El estado activo del filtro NO se refleja en el lienzo: un objeto no seleccionable se ve igual.","Ninguno en el lienzo.","—","Dentro del Inspector.","FUNCIÓN DEMASIADO ESCONDIDA nº 3: una herramienta de precisión de selección enterrada en una pestaña de preferencias del Inspector, y sin realimentación en el lienzo.","Indicador de filtro activo sobre el lienzo (hoy inexistente).","Si algún usuario lo ha encontrado."
"SEL-07","Selección","Precisión táctil: ver bajo el dedo","Acertar un objeto pequeño que el propio dedo tapa.","`CanvasTouchLoupe`: lente de 104px, aumento 2,4×, que CLONA el grupo de escena real con `<use>` en vez de redibujar. Se coloca arriba o abajo del contacto según el espacio. Sólo durante colocación, arrastre de nudo, edición estructural, pulsación larga o marco.","src/features/canvas/CanvasTouchLoupe.tsx:1-70; src/features/canvas/StructuralCanvas.tsx:1391-1418","src/features/canvas/CanvasTouchLoupe.test.tsx","alta (en táctil)","evidencia","esencial","Interacción táctil en curso.","`pointerType === ""touch""` Y una interacción de colocación/seguimiento activa.","Automática sobre el lienzo.","Entrada numérica (MOD-11); snap; paleta por ID.","F-02 (la disciplina táctil como fortaleza principal).","REUTILIZA EL RENDER en lugar de duplicarlo: la lupa no puede desincronizarse del lienzo porque no tiene una segunda copia. Es una decisión de arquitectura, no de estilo, y está documentada en el propio archivo.","4 Canvas-local","No aparece (no hay `pointerType: touch`).","Aparece si el dispositivo es táctil — el disparador es el INPUT, no el ancho.","Aparece durante colocación y arrastre.","No aplica.","Automática. NO se activa durante un tap simple de selección: sólo tras armarse una interacción.","ES la respuesta táctil a la precisión, y está bien construida.","No.","transitorio","overlay sobre canvas","`aria-hidden`: la posición ya la anuncia el readout de coordenadas.","Es el feedback.","No participa del foco.","Temporal.","LA LUPA YA EXISTE Y NO CUBRE LA SELECCIÓN SIMPLE. Es donde Onshape sí llega (touch-and-hold → Precision Selector → soltar para seleccionar). CRI-9 debe decidir si se amplía o si el long-press ya lo cubre.","Lente táctil bajo Brandbook: borde, sombra y retícula.","Si el long-press (`shouldArmLongPress`) produce en la práctica una experiencia equivalente al Precision Selector."
"CNV-01","Lienzo","Encuadrar, acercar y alejar","Ver la parte del modelo que interesa al tamaño que interesa.","Tres botones de icono en el chrome (`+`, `-`, «ajustar»), rueda del ratón con `zoomCameraAt` centrado en el cursor, pinza de dos dedos, y pan con botón central / barra espaciadora / herramienta `pan`.","src/features/canvas/CanvasChrome.tsx:62-67; src/features/canvas/StructuralCanvas.tsx:1736-1748, 1203-1204, 1359-1391; src/features/canvas/canvasChromeGeometry.ts","src/features/canvas/canvasChrome.test.ts; src/features/canvas/CanvasChrome.test.tsx","alta","evidencia","esencial","Lienzo.","Ninguna.","Chrome flotante sobre el lienzo, esquina.","Comando `fit-canvas` del bus (paleta, y automático tras expandir la hoja de resultados en teléfono).","F-07 (los márgenes de encuadre son constantes escritas a mano: reservan 68px a la derecha mientras el minimapa ocupa 144px, así que tras «ajustar» el modelo puede quedar bajo el minimapa en Expanded).","`canvasChromeGeometry.ts` separa «rectángulo seguro» de viewport y lo comparte entre encuadre y colocación de rótulos. El concepto es correcto; sólo la fuente de los números es frágil.","4 Canvas-local","Tres iconos + rueda + espacio.","Igual.","Tres iconos + pinza. El chrome flotante pesa 12-14% del lienzo en teléfono apaisado.","Rueda para zoom; espacio+arrastre o botón central para pan; botón «ajustar».","Pinza para zoom; un dedo para pan (por eso no hay marco de selección).","El zoom ES una herramienta de precisión: acercarse resuelve solapamientos.","No.","persistente","canvas chrome","—","Lectura de escala («× n») en el chrome de estado.","Los botones son parada de tabulación.","El chrome flotante ocupa 17.5% del lienzo en 1024×768 frente a 6.5% en 1536×960: los mismos widgets fijos sobre un lienzo que encoge.","El chrome flotante debería escalar con el lienzo o retirarse cuando el lienzo es pequeño. Hoy hace lo contrario.","Controles de cámara: tamaño mínimo vs peso sobre el lienzo.","Si existe atajo de teclado para «ajustar» (no encontrado)."
"CNV-02","Lienzo","Orientarse con el minimapa","Saber qué parte del modelo se está viendo.","`CanvasMiniMap`, 132px, separado 12px del borde (144px totales).","src/features/canvas/CanvasMiniMap.tsx","src/features/canvas/CanvasMiniMap.test.tsx","media","inferencia","secundaria","Modelo mayor que la vista.","Ninguna.","Esquina del lienzo, siempre.","Ninguna.","F-07 (es el causante del desajuste del encuadre en el borde derecho).","Es la única orientación global cuando el modelo excede la vista.","4 Canvas-local","144px permanentes en la esquina.","Igual.","Igual — donde más caro sale.","No verificado si es navegable por teclado.","No verificado si acepta tap para desplazar la cámara.","No.","No.","persistente","canvas chrome","No se oculta cuando el modelo cabe entero en la vista.","Rectángulo de viewport.","No verificado.","Es el widget flotante más grande y el que rompe el encuadre (F-07).","¿Un minimapa permanente se justifica cuando el modelo cabe entero? Hoy ocupa lo mismo en ambos casos.","Minimapa bajo Brandbook y su relación con el rectángulo seguro.","Interactividad del minimapa (teclado y táctil) — no verificada."
"CNV-03","Lienzo","Controlar qué capas se ven","Reducir el dibujo a lo que la tarea necesita.","NUEVE capas (`model, loads, dimensions, ids, results, labels, help, diagnostics, heatmap`) y CINCO presets de tarea (`all, model, loads, results, clean`). Persistido en localStorage. `heatmap` arranca apagado por decisión explícita: reinterpreta el color de las barras y «se pide, no se hereda».","src/features/canvas/editorLayers.ts:1-60; src/features/canvas/CanvasLayers.tsx:27-45; src/features/workspace/CommandPalette.tsx:186-194","src/features/canvas/editorLayers.test.ts; src/features/canvas/CanvasLayers.test.tsx","media","inferencia","contextual","Lienzo.","Ninguna.","Disparador flotante sobre el lienzo (`canvas-layer-trigger`) + 5 comandos de preset en la paleta.","El Inspector › Vista tiene SUS PROPIOS interruptores (`showGrid`, `showNodeLabels`, `showMemberLabels`, `showLocalAxes`, `showDimensions`, `showLoads`, `showResultValues`, `showResultOverlay`) — un SEGUNDO sistema de visibilidad sobre el mismo lienzo.","F-09 (`canvas-layer-trigger` a 11px de radio, fuera de escala).","Los presets como «respuesta a qué estoy haciendo ahora» en vez de una capa más: está razonado en el propio código.","4 Canvas-local","Disparador flotante.","Igual.","Igual.","Tap/clic; presets por paleta.","Tap.","Ocultar capas ES una herramienta de precisión (reduce candidatos).","No.","disclosure","canvas chrome → popover","`activeEditorLayerPreset` detecta si el estado actual coincide con un preset.","El dibujo cambia.","No verificado el retorno.","Un disparador flotante.","DUPLICACIÓN INNECESARIA CONFIRMADA: dos sistemas de visibilidad (capas del lienzo y ajustes del Inspector › Vista) gobiernan lo mismo desde sitios distintos, sin relación visible entre ellos.","Panel de capas con presets, unificado con los interruptores del Inspector.","Qué gana si las capas y los `show*` del Inspector se contradicen."
"CNV-04","Lienzo","Activar rejilla y ajuste (snap)","Dibujar sobre posiciones exactas.","`settings.showGrid`, `settings.snap`, `settings.gridSize` y `snapTargets` con CINCO destinos: rejilla, nudos, puntos medios, intersecciones y perpendicular.","src/features/inspector/Inspector.tsx:311-331; src/utils/snapping.ts; src/features/canvas/StructuralCanvas.tsx:384-399","src/utils/snapping.test.ts (via canvasInteraction.test.ts)","alta","inferencia","esencial","Colocación.","Ninguna.","Inspector › Vista (los cinco destinos) + comandos `view:grid` y `view:snap` en la paleta + chips de estado sobre el lienzo (SÓLO informativos, no accionables).","Tres representaciones, y sólo dos accionables.","—","Cinco destinos de snap con control individual: es nivel CAD y está construido.","4 Canvas-local","Inspector › Vista + paleta.","Igual.","Hoja Inspector › Vista.","Casillas o comandos de paleta.","Casillas en la hoja.","ES la herramienta de precisión principal con puntero.","No.","disclosure","panel + canvas chrome (estado)","Los chips `canvas-view-chips` muestran on/off pero NO se pueden pulsar.","Indicador de snap durante la colocación.","—","Chips flotantes sobre el lienzo.","Los chips ocupan lienzo para informar de algo que no dejan cambiar. Si van a estar ahí, ¿por qué no son el control?","Chip de estado vs chip accionable: la diferencia debe ser legible.","Frecuencia de cambio de `snapTargets`."
"CNV-05","Lienzo","Leer la posición y la escala actuales","Saber dónde está el cursor en coordenadas del modelo.","`<output>` con `aria-label`, actualizado sólo si el perfil de puntero lo pide (`canvasPointerProfile(pointerType).showsCoordinates`) — es decir, NO en táctil, donde el dedo tapa y la lupa cubre esa función.","src/features/canvas/CanvasChrome.tsx:68-73; src/features/canvas/StructuralCanvas.tsx:624-626","src/features/canvas/CanvasChrome.test.tsx","alta","evidencia","esencial","Puntero sobre el lienzo.","Perfil de puntero que muestre coordenadas.","Chrome de estado del lienzo.","La lupa táctil incluye la cota.","F-03 (textos técnicos pequeños).","DECIDE POR MÉTODO DE ENTRADA, no por ancho: el readout es de puntero, la lupa es de dedo. Es exactamente el principio «misma capacidad, distinta interacción por input» ya implementado.","4 Canvas-local","Readout permanente.","Igual.","Presente pero sin actualizarse en táctil; la cota vive en la lupa.","Se actualiza con el movimiento.","Sustituido por la cota de la lupa.","Sí.","No.","persistente","canvas chrome","«X — · Y —» cuando no hay posición.","Es el feedback.","—","Franja inferior del lienzo.","Es el precedente interno de «responder al método de entrada». CRI-9 puede citarlo como patrón existente.","Tipografía tabular del readout.","—"
"CNV-06","Lienzo","Saber en qué modo está el lienzo","Entender qué va a pasar al tocar.","`canvas-mode-badge` con `role=""status""`, `aria-live`, nombre del modo, instrucción de colocación cuando la hay, botón de cancelar, y pistas de gesto DISTINTAS para escritorio y táctil (`desktop-gesture-hint` / `touch-gesture-hint`).","src/features/canvas/CanvasChrome.tsx:48-57","src/features/canvas/CanvasChrome.test.tsx","alta","evidencia","esencial","Herramienta activa + estado de colocación.","Ninguna.","Esquina superior del lienzo.","El estado activo del rail lo dice también.","F-03 (texto pequeño).","Pistas de gesto separadas por método de entrada, ya escritas y traducidas.","4 Canvas-local + 6 Workflow temporal","Badge + pista de escritorio.","Igual.","Badge + pista táctil.","Informativo; el botón X cancela.","Igual.","No.","No.","persistente","canvas chrome","Modo normal vs colocación (`placing-load`).","`aria-live=""polite""`.","El botón de cancelar es alcanzable.","Franja superior del lienzo.","El badge es el único sitio donde el producto explica el gesto correcto. ¿Es suficiente o hace falta más?","Badge de modo con instrucción y cancelación.","—"
"CNV-07","Lienzo","Navegar el modelo con el teclado","Alcanzar y activar objetos sin ratón.","`role=""application""`, `aria-label`, `aria-describedby` y `aria-keyshortcuts=""V H N M S P D O C X B R Delete Backspace Escape""`. Nudos, barras y cargas son paradas de tabulación con indicador de foco propio (sobre un hijo o con `drop-shadow`).","src/features/canvas/StructuralCanvas.tsx:2089; src/styles.css:604-605, 663-664, 689","CRI-7 §5 (480 paradas muestreadas); src/features/canvas/StructuralCanvas.structuralEditing.test.tsx","media","evidencia","esencial","Lienzo enfocado.","Ninguna.","El propio lienzo.","Paleta por ID (SHL-06); Datasheet con navegación de rejilla.","§5 y §6 (fortaleza nº 2: «para un editor tipo CAD esto es infrecuente y valioso»).","ES UNA DE LAS DOS O TRES MEJORES COSAS DEL PRODUCTO. Un lienzo CAD realmente tabulable con foco visible sobre SVG.","4 Canvas-local + 7 Power-user","Tab por objetos.","Igual.","Igual si hay teclado.","Tab/Shift+Tab; teclas de herramienta; Delete; Escape.","No aplica.","ES una ruta de precisión: tabular no falla nunca el objetivo.","No.","invisible","canvas","Anillo de foco propio por tipo de objeto.","Foco visible + selección.","Enlace de salto (`app-shell-skip-link`) como primer nodo del shell.","—","Con miles de objetos, tabular uno a uno no escala. ¿Hay un nivel intermedio (grupos, saltos)? Hoy no.","Anillo de foco sobre SVG: unificarlo entre tipos de objeto.","Escalabilidad con modelos grandes."
"CNV-08","Lienzo","Arrastrar un nudo","Corregir geometría a mano.","Interacción `node-drag` con transacción explícita: `beginProjectTransaction` → `moveNodeTransient` → `commitProjectTransaction`, y `cancelNodeDragTransaction` si se interrumpe. Una sola entrada de historial por arrastre.","src/features/canvas/StructuralCanvas.tsx:172, 1344; src/store/ProjectContext.tsx:461-506","src/store/ProjectContext.test.tsx","alta","inferencia","esencial","Nudo.","Herramienta `select`.","Lienzo.","Inspector (X/Y exactos), Datasheet (celda), edición estructural (mover con delta).","—","La transacción impide que un arrastre genere 60 entradas de historial, y se cancela limpiamente si la app pierde el foco o el gesto se corta.","4 Canvas-local + 3 Contextual a selección","Arrastre.","Arrastre.","Arrastre con lupa.","Arrastre; snap activo.","Arrastre con lupa.","Sí; resuelta por snap + lupa + alternativa numérica.","SÍ.","invisible","canvas","Cancelación en `blur`, `visibilitychange` y llegada de un segundo dedo.","El nudo y todo lo conectado se redibujan en vivo.","Escape cancela.","—","El patrón de transacción es correcto y debería ser el contrato para cualquier gesto continuo nuevo.","—","—"
"CNV-09","Lienzo","Exportar el lienzo como imagen","Llevarse el dibujo a un informe.","Comandos `export-svg` y `export-png` del bus, atendidos por el propio lienzo.","src/features/workspace/workspaceCommands.ts:33-36; src/features/topbar/TopBar.tsx:466-467, 524-525; src/features/workspace/CommandPalette.tsx:269-276","qa.mjs","baja","inferencia","secundaria","Lienzo con contenido.","Ninguna.","Menú de exportación + «Más» + paleta.","Tres puertas (ver SHL-22).","F-06.","La exportación la ejecuta quien tiene el render, no un duplicador: el bus evita una segunda implementación del dibujo.","2 Contextual a proyecto","Menú de exportación.","Igual.","«Más» › Exportar.","Menú.","Tap.","No.","No.","disclosure","modal (popover)","Toast de éxito sin comprobar el resultado real.","Toast.","—","Nulo.","—","—","Si el toast puede aparecer aunque la exportación falle."
"CNV-10","Lienzo","Ver el modelo en modo impresión","Sacar el trabajo en papel.","`@media print` en `styles.css:1049`: oculta TopBar, ToolRail, Inspector, nota legal, controles de cámara, estado y tirador; el lienzo pasa a 58vh y Results se despliega entero sin pestañas.","src/styles.css:1049; src/features/topbar/TopBar.tsx:468, 526","CRI-7 (no medido en impresión).","baja","inferencia","secundaria","Proyecto.","Ninguna.","Entrada «Imprimir» en el menú de exportación y en «Más».","Comando `export:print` en la paleta + PDF de cálculo (SHL-22), que es otra cosa.","—","ES UNA CUARTA COMPOSICIÓN NO DECLARADA: print ya demuestra que el producto sabe recomponerse retirando todo el chrome. Nadie la cuenta como tier, y funcionalmente lo es.","9 Fullscreen / datos densos","Igual en las tres clases: la hoja de papel no tiene breakpoints.","Igual.","Igual.","Menú o Ctrl+P del navegador.","Menú.","No.","No.","disclosure","fullscreen","—","Diálogo del navegador.","—","Recupera el 100% para el contenido.","La composición de impresión es la prueba de que «retirar todo el chrome» no rompe nada. CRI-9 debería mirarla como referencia interna.","Estilo de impresión bajo Brandbook.","Calidad real del resultado impreso — no verificada."
"INS-01","Inspector","Ver y editar las propiedades del objeto seleccionado","Leer y corregir con exactitud lo que el lienzo sólo aproxima.","`InspectorProperties` ramifica por `selection.kind`: nudo (x, y, rótula interna, apoyo completo, muelles, desplazamientos prescritos), miembro (tipo, E, A, I, G, área de cortante, densidad, teoría de viga, releases, muelles rotacionales, offsets rígidos), carga nodal, carga de miembro, y multi (→ Bulk Edit).","src/features/inspector/InspectorProperties.tsx:180-260, 510; src/features/inspector/Inspector.tsx:220-224","src/features/inspector/Inspector.test.tsx (820 líneas); src/features/inspector/InspectorNumericField.test.tsx","alta","evidencia","esencial","Selección.","Objeto seleccionado (si no, estado vacío).","Panel lateral de 320px SIEMPRE presente en Expanded, aunque no haya selección. Hoja inferior en Compact.","Datasheet (tabular), Bulk Edit (masivo), lienzo (aproximado).","F-01 (320px inline que ganan a `:root`; 27.6% del viewport en 1024×768, MÁS que el propio lienzo). F-03 (`dt` a 9px, `dd` con «-7.7879 kN» a 10px).","`InspectorNumericField` con `resetKey`: al cambiar de objeto o de unidad el campo se reinicia en vez de arrastrar el valor anterior. Y las ediciones de miembro pasan por `executeProjectCommand`, no por mutación directa.","5 Inspector/detail + 3 Contextual a selección","Panel permanente de 280-480px.","Panel permanente idéntico — no se contrae (F-01). Es el mayor problema del tier.","Hoja inferior modal con tres detents, abierta por botón flotante o por selección en el lienzo.","Tab por campos; commit en blur/Enter.","Hoja con detents; teclado en pantalla gestionado vía `visualViewport`.","ES la ruta de precisión numérica: el lienzo aproxima, el Inspector es exacto.","SÍ, plenamente — ya lo es en contenido, no en presencia.","hoy persistente; el contenido ya es 100% contextual","panel / sheet","Estado vacío sin selección; `inspector-inline-issues` muestra problemas de validación del objeto.","El lienzo se actualiza al instante.","En modal: trampa de foco + Escape (`Inspector.tsx:97-133`).","EL MAYOR CONSUMIDOR: 27.6% / 22.2% / 20.0% / 18.9% del viewport según anchura.","DECISIÓN CENTRAL: el Inspector es contextual a la selección en su CONTENIDO pero global permanente en su PRESENCIA. Sin selección ocupa 320px para mostrar un estado vacío.","Ficha de propiedades: densidad legible con datos de ingeniería por encima del suelo tipográfico.","Cuánto tiempo de sesión transcurre sin selección."
"INS-02","Inspector","Aplicar un material de catálogo","Dar propiedades reales a una barra sin teclear E, G y densidad.","`MaterialPresetSelector` → `executeProjectCommand({ kind: ""member.material.apply"", materialId, properties })`. El comando transporta el `materialId` EXPLÍCITO además de los valores.","src/features/inspector/InspectorProperties.tsx (applyMaterialPreset); src/features/inspector/MaterialPresetSelector.tsx; src/data/standardMaterials.ts; src/commands/projectCommand.ts","src/engine/identityMetadata.test.ts; src/commands/projectCommand.test.ts; reports/2026-08-10-2351-identidad-materiales-secciones.md","alta","inferencia","esencial","Miembro seleccionado.","Selección de tipo `member`.","Inspector, sección de miembro.","Datasheet (columna de material), Bulk Edit (masivo), generadores (`properties: catalog`).","—","RESTRICCIÓN PROTEGIDA CUMPLIDA Y PROBADA: el `materialId` viaja explícito y NO se infiere por coincidencia de floats. Hay test dedicado (`identityMetadata.test.ts`).","3 Contextual a selección + 5 Inspector/detail","Inspector.","Igual.","Hoja Inspector.","Selector.","Selector.","No.","SÍ.","contextual dentro del panel","panel / sheet","Sólo aparece con miembro seleccionado.","Los campos E/G/densidad se rellenan.","—","Dentro del Inspector.","Ejemplo canónico del enunciado de CRI-8: puerta individual = Inspector, masiva = Bulk Edit/Datasheet, en lote = generador. Las tres escriben el MISMO comando.","Selector de catálogo con previsualización de propiedades.","Tamaño real del catálogo de materiales."
"INS-03","Inspector","Aplicar una sección de catálogo","Elegir el perfil y ver su forma.","`SectionPresetSelector` + `SectionViewer2D`/`SectionShape` que DIBUJAN la sección desde su geometría (`sectionGeometry.ts`). Comando `member.section.apply` con `sectionId` explícito.","src/features/inspector/SectionPresetSelector.tsx; src/features/inspector/SectionViewer2D.tsx; src/features/inspector/sectionGeometry.ts; src/data/standardSections.ts","src/features/inspector/SectionViewer2D.test.tsx; src/engine/identityMetadata.test.ts","alta","inferencia","esencial","Miembro seleccionado.","Selección `member`.","Inspector.","Datasheet, Bulk Edit (con `BulkSectionPreview` propio), generadores.","—","La PREVISUALIZACIÓN GRÁFICA de la sección: no es una lista de nombres, es la forma dibujada. Y el `sectionId` explícito, igual que el material.","3 Contextual a selección + 5 Inspector/detail","Inspector con dibujo.","Igual.","Hoja.","Selector.","Selector.","No.","SÍ.","contextual","panel / sheet","Sólo con miembro.","Forma dibujada + A e I actualizados.","—","Dentro del Inspector.","La previsualización de sección necesita espacio propio. En una hoja Compact compite con el resto de propiedades.","Visor de sección: escala, cotas y legibilidad en ambos temas.","—"
"INS-04","Inspector","Editar varios objetos a la vez (Bulk Edit)","Cambiar una propiedad en N objetos sin repetir N veces.","Subsistema completo: alcance (`bulkEditScope`), agregación de valores comunes (`bulkEditAggregation`), intención (`bulkEditIntent`), compatibilidad entre tipos, valor efectivo, proyección, resumen de cambios (`BulkChangeSummary`) y comando único (`bulkEditCommand`). Cubre miembros, apoyos y cargas.","src/features/bulk-edit/ (37 archivos); src/features/bulk-edit/BulkEditInspectorPanel.tsx:31-92; src/features/inspector/InspectorProperties.tsx:510","src/features/bulk-edit/*.test.ts(x) (14 suites); scripts/qa-bulk-edit.mjs (+ WebKit); BulkEditAccessibility.test.tsx","media","inferencia","esencial","`selection.kind === ""multi""`.","Multiselección.","Dentro del Inspector, sustituyendo la ficha individual.","Datasheet permite pegar bloques (DAT-06), que es la otra vía masiva.","F-13 (usa `@container` en rem — citado como buena práctica).","REVISIÓN ANTES DE ESCRIBIR: resumen de cambios, valores mixtos representados de verdad, y una sola entrada de historial. Es el patrón «review/apply» mejor construido del producto junto al del Datasheet.","3 Contextual a selección + 5 Inspector/detail","Inspector.","Igual.","Hoja Inspector.","Tab por campos; aplicar explícito.","Hoja; la revisión pide altura, que es justo lo que falta en Compact.","No.","SÍ — aparece SOLO con multiselección. Contextualidad ya implementada.","contextual","panel / sheet","`error` capturado con `action.applyFailed`; compatibilidad entre tipos evaluada.","Resumen de qué va a cambiar antes de aplicar.","Suite de accesibilidad propia.","Dentro del Inspector.","Bulk Edit y el Datasheet resuelven «masivo» de dos formas distintas (por propiedad vs por celda). Ambas legítimas; CRI-9 debe decir cuándo lleva a cuál.","Representación de valor mixto y de cambio pendiente.","Cuál de las dos vías masivas se usa más."
"INS-05","Inspector","Gestionar casos de carga y combinaciones","Definir las hipótesis que se van a analizar.","Pestaña «Cargas» del Inspector: crear casos (`LC1`, `LC2`…), activarlos/desactivarlos, renombrarlos; crear combinaciones (`COMB1`…) con factores por caso editables; y mostrar jurisdicción/edición/fuente normativa cuando la combinación viene de plantilla.","src/features/inspector/Inspector.tsx:250-292","src/features/inspector/Inspector.test.tsx","media","inferencia","esencial","Proyecto.","Ninguna.","Inspector › pestaña Cargas. Es la ÚNICA puerta a crear casos y combinaciones.","El TopBar y «Más» sólo SELECCIONAN la combinación activa (SHL-07); no las crean ni las editan.","F-02 (`mini-button` de añadir con icono de 15px).","Las combinaciones de plantilla declaran su fuente normativa (`jurisdiction`, `edition`, `source`) y avisan de que son editables. Trazabilidad real.","2 Contextual a proyecto/análisis + 5 Inspector/detail","Pestaña del Inspector.","Igual.","Hoja Inspector › Cargas.","Tab; navegación de pestañas por flechas/Home/End (`onTabKeyDown`).","Hoja.","Campos de factor numéricos finos.","NO: no depende de la selección, y sin embargo vive en el panel de la selección.","disclosure (pestaña)","panel / sheet","Sin combinaciones, sólo «casos activos».","La lista crece; el selector del TopBar se actualiza.","Roving por pestañas.","Dentro del Inspector.","INCOHERENCIA DE UBICACIÓN: definir hipótesis no es una propiedad de la selección, pero vive dentro del panel de selección. Es contextual a PROYECTO, no a OBJETO.","Editor de combinación con factores y procedencia normativa.","Cuántas combinaciones maneja un proyecto real."
"INS-06","Inspector","Ajustar la visualización del modelo y de los resultados","Controlar qué se dibuja y a qué escala.","Pestaña «Vista»: modo de cálculo, rejilla/snap/tamaño, rótulos de nudo y barra, ejes locales, cotas, cargas, valores críticos, precisión CAD (5 destinos de snap + 3 filtros de selección), overlay de resultados, escala común/individual, factor visual, escala de deformada, lado del diagrama, y leyenda de colores semánticos.","src/features/inspector/Inspector.tsx:295-349","src/features/inspector/Inspector.test.tsx","media","inferencia","contextual","Lienzo.","Ninguna.","Pestaña «Vista» del Inspector — 4 secciones y ~20 controles.","Capas del lienzo (CNV-03) gobiernan un conjunto SOLAPADO pero distinto. Paleta cubre rejilla, snap y presets.","F-03 (`section-description` y `field-help` a 10px).","La leyenda de colores semánticos vive junto a los controles que la usan.","4 Canvas-local + 8 Configuración","Pestaña del Inspector.","Igual.","Hoja Inspector › Vista.","Tab por ~20 controles.","Hoja con scroll largo.","Contiene los controles de precisión (snap, filtros) — ver SEL-06.","NO.","disclosure (pestaña)","panel / sheet","—","El lienzo cambia.","Roving por pestañas.","Dentro del Inspector.","SEGUNDA INCOHERENCIA: los ajustes del LIENZO viven en el panel de la SELECCIÓN, mientras el control de capas vive sobre el lienzo. Dos sistemas, dos sitios, un solo dibujo.","Unificar capas + ajustes de vista en un solo patrón.","Cuáles de los ~20 controles se tocan alguna vez."
"INS-07","Inspector","Elegir la herramienta de carga desde el Inspector","Empezar a colocar una carga desde donde se estaban mirando las cargas.","`LoadsPanel` ofrece tres botones que llaman a `setActiveTool` y CIERRAN la hoja (`chooseLoadTool` → `onClose?.()`).","src/features/inspector/Inspector.tsx:135-138, 243-249","src/features/inspector/Inspector.test.tsx","media","inferencia","contextual","Ninguno.","Ninguna.","Inspector › Cargas, sección «Añadir carga».","Rail, dock táctil, hoja «Cargas», paleta. CINCO lanzadores para tres herramientas.","—","Cerrar la hoja al elegir es correcto: la herramienta se usa sobre el lienzo, que la hoja tapaba.","3 Contextual a selección (débil) + 1 Global persistente (duplicado)","Inspector.","Igual.","Hoja que se cierra sola.","Tab + Enter.","Tap.","No.","No.","disclosure","panel / sheet","`aria-pressed` refleja la herramienta activa.","La hoja se cierra y el badge de modo cambia.","Devuelve al lienzo.","Dentro del Inspector.","DUPLICACIÓN INNECESARIA: cinco lanzadores para las mismas tres herramientas. En Compact tiene sentido (la hoja está abierta); en Expanded el rail ya está a la vista.","—","Si alguien usa esta ruta en Expanded."
"RES-01","Resultados","Leer el resumen del análisis","Saber de un vistazo qué salió.","Pestaña `summary` → `ResultSummary`, dentro de la familia «Estado».","src/features/results/ResultSummary.tsx; src/features/results/ResultsPanel.tsx:43-49, 547","src/features/results/ResultsPanel.test.tsx; src/engine/resultSummary.test.ts","alta","inferencia","esencial","Análisis correcto.","`analysis?.success`.","Panel Results, familia «Estado».","Comando de paleta `results:summary`.","§2 (Results reserva altura fija: 22-25% del viewport en Expanded, analizado o no).","Las pestañas están agrupadas en CINCO FAMILIAS semánticas (Estado, Fuerzas, Forma, Avanzado, Entender) con `aria-describedby` que las enlaza. No es una tira plana de 8 pestañas.","2 Contextual a análisis","Pestaña dentro del panel inferior.","Igual.","Dentro de la hoja de resultados, que se abre sola tras analizar.","Flechas/Home/End entre pestañas; comando de paleta.","Tap en pestaña.","No.","No.","persistente (el panel) / contextual (el contenido)","panel / sheet","empty (`EmptyResults` con el siguiente paso), failed (`FailedResults` con enlace a Model Doctor), analyzing (`aria-busy`).","El panel se abre solo en móvil al llegar el análisis.","La hoja recuerda su lanzador (`mobileReturnFocusRef`) con validación de que siga conectado.","22-25% del viewport en Expanded, SIEMPRE.","DECISIÓN CENTRAL: el panel reserva altura antes de que exista un resultado. El contenido es 100% contextual al análisis; la presencia no.","Familias de resultado: cómo se leen cinco grupos sin parecer ocho pestañas.","—"
"RES-02","Resultados","Leer reacciones y localizar la máxima","Comprobar el equilibrio y encontrar el apoyo más cargado.","Pestaña `reactions`: tarjetas de Rx/Ry/M máximos que SON BOTONES y seleccionan el nudo, más una tabla completa donde cada `th` es un `result-object-link` con `aria-pressed` que también selecciona.","src/features/results/ResultsPanel.tsx:598-610 aprox (ReactionTable)","src/features/results/ResultsPanel.test.tsx","alta","inferencia","esencial","Análisis correcto.","`analysis?.success`.","Panel Results, familia «Estado».","Datasheet (tabular), lienzo (símbolos de reacción).","F-03 (valores del solver a 10px).","CADA NÚMERO ES NAVEGABLE: de la cifra al objeto en un clic, con `sr-only` que anuncia «localizar en el modelo». Es la unión resultado↔modelo mejor resuelta del producto.","2 Contextual a análisis + 9 Datos densos","Tabla en el panel.","Igual, más estrecha.","Tabla en la hoja, con `@container` que la recompone bajo 560px.","Tab por celdas-botón.","Tap.","Celdas de tabla pequeñas.","Produce selección, no depende de ella.","contextual","table dentro de panel/sheet","—","El objeto queda seleccionado; el Inspector cambia.","`aria-pressed` marca la fila seleccionada.","Dentro del panel.","La tabla de reacciones y el Datasheet muestran datos del mismo modelo con dos motores de tabla distintos.","Tabla de resultados: densidad, alineación tabular y celda-como-enlace.","Comportamiento con cientos de nudos (¿hay virtualización? no verificado)."
"RES-03","Resultados","Leer los diagramas N, V y M","Entender cómo se reparte el esfuerzo a lo largo de una barra.","Tres pestañas de la familia «Fuerzas», cada una con su color técnico (`axial`, `shear`, `moment`). `DiagramView` con `evaluateDiagramAt`, control de Bézier por segmento, envolvente (`buildDiagramEnvelope`, `envelope-toggle`) y cursor de resultado (`resultCursor`).","src/features/results/ResultsPanel.tsx:29-38, 548; src/engine/diagram.ts; src/engine/envelope.ts","src/engine/diagram.test.ts; src/engine/envelope.test.ts; src/engine/ftoolComparison.test.ts; src/engine/hibbelerFrames.test.ts","alta","evidencia","esencial","Análisis + miembro (de la selección o el primero disponible).","`analysis?.success` y un `memberResult`.","Panel Results + overlay sobre el lienzo (capa `results`).","Corte sobre el lienzo (MOD-16), PDF de cálculo, Datasheet no los incluye.","F-02 (`envelope-toggle` mide 48×26; `select` «Objetivo de análisis» 81×20). F-03 (valor «36.35» del diagrama a 10px).","Los colores técnicos coinciden EXACTAMENTE con el Brandbook en tema claro, y el significado nunca depende sólo del color (trazo continuo/discontinuo + icono + etiqueta).","2 Contextual a análisis + 3 Contextual a selección + 4 Canvas-local (el overlay)","Panel + overlay.","Igual.","Hoja + overlay; hay modo «enfocado» a pantalla completa (`results-mode-focused`).","Flechas entre pestañas; cursor sobre la gráfica.","Tap; el modo enfocado da altura real al diagrama.","Leer un valor en una posición exacta: resuelto por cursor y por corte.","SÍ: el diagrama que se ve es el del miembro seleccionado (`resultContext`).","contextual","panel / sheet / canvas overlay","Sin miembro evaluable, no hay diagrama.","Cursor sincronizado con `ProvenanceCard`.","Pestañas con roving.","Panel + overlay sobre el lienzo.","RESULTS NO ES UNA UNIDAD: el diagrama tiene una parte de panel (la gráfica), una de lienzo (el overlay), una de selección (qué miembro) y una de datos densos (la tabla). CRI-9 puede separarlas.","Diagrama: trazo, relleno, rótulos de valor y su suelo tipográfico.","Cómo se elige el miembro cuando no hay selección (hoy: el primero no rígido)."
"RES-04","Resultados","Ver la deformada","Comprobar que la estructura se mueve como se espera.","Pestaña `deformed` (familia «Forma») con `evaluateDeformationAt`; escala controlable desde Inspector › Vista (`deformedScale`).","src/features/results/ResultsPanel.tsx:46, 550; src/engine/diagram.ts; src/features/inspector/Inspector.tsx:344","src/engine/diagram.test.ts","alta","inferencia","esencial","Análisis.","`analysis?.success`.","Panel Results + overlay en el lienzo.","Ninguna.","F-11/F-12 (el violeta de deformada difiere entre temas).","La escala es un factor VISUAL declarado, no una deformación real: el usuario sabe que está exagerada.","2 Contextual a análisis + 4 Canvas-local","Panel + overlay.","Igual.","Hoja + overlay.","Pestaña.","Tap.","No.","Sí para el detalle por miembro.","contextual","panel / canvas overlay","—","Trazo deformado sobre el modelo.","—","Overlay.","El control de escala vive en el Inspector y el resultado en Results: dos paneles para una lectura.","Deformada: trazo y su relación con el modelo sin deformar.","—"
"RES-05","Resultados","Consultar el índice elástico estimado","Saber cuánto se aprovecha la sección respecto al límite elástico.","Subsistema propio con GATE EXPLÍCITO (`elasticDemandGate`): devuelve `blocker: ""no-analysis"" | ""unreliable"" | ""no-evaluable-member""` y no calcula si la fiabilidad no lo permite. Necesita módulo resistente Y límite elástico del miembro; si falta alguno, lo declara como `gap` en vez de inventarlo.","src/features/results/elasticDemand.ts:41-443; src/features/results/ElasticDemandCard.tsx","src/features/results/elasticDemand.test.ts (452 líneas); ElasticDemandCard.test.tsx; reports/2026-08-14-1250-cri-42-indice-elastico-estimado.md","media","inferencia","esencial","Análisis fiable + miembro con sección y material identificados.","Fiabilidad utilizable y no `unreliable`/`failed`.","Tarjeta dentro de Results; capa `heatmap` del lienzo (apagada por defecto).","Dos representaciones: cifra por miembro y mapa de calor.","—","FAIL-CLOSED EJEMPLAR: `success ≠ reliable ≠ safe` implementado literalmente. Si no puede calcularse, dice por qué y nombra el check que gobierna, en vez de mostrar un número tranquilizador.","2 Contextual a análisis + 3 Contextual a selección","Tarjeta en Results + heatmap opcional.","Igual.","Igual.","Lectura; el heatmap se activa desde capas.","Igual.","No.","SÍ para la cifra por miembro.","contextual","panel + canvas overlay","Tres bloqueos nombrados + `limited` con confianza reducida + `gap` por dato faltante.","Explicación del bloqueo, no un guion.","—","Tarjeta + capa.","Es la mejor prueba de que el producto sabe decir «no puedo». Ese contrato debe sobrevivir a cualquier reorganización.","Escala continua del índice (`elasticIndexPaint`) y su leyenda.","Qué fracción de modelos reales tiene sección Y material identificados."
"RES-06","Resultados","Entender la fiabilidad del resultado","Saber si los números se pueden usar.","`resolveReliability` con niveles `reliable | limited | unreliable | failed`, `usable`, y un check `governing` nombrado. `reliabilityCopy` traduce el porqué. `NumericQualityCard` muestra la calidad numérica.","src/engine/reliability.ts; src/features/results/reliabilityCopy.ts; src/features/results/NumericQualityCard.tsx; src/features/results/ResultsPanel.tsx:186-197","src/engine/reliability.test.ts; reliabilityCalibration.test.ts; reliabilityCopy.test.ts; src/engine/invariants.test.ts","alta","evidencia","esencial","Análisis.","`analysis` presente.","Texto de estado en la cabecera de Results (con `title` = mensaje del check gobernante) + chip del TopBar + tarjeta de calidad numérica.","Tres representaciones de distinta profundidad — duplicación LEGÍTIMA.","F-03 (el estado se renderiza pequeño, y es una de las afirmaciones más importantes de la app).","LA DISTINCIÓN `success ≠ reliable ≠ safe` ESTÁ IMPLEMENTADA, PROBADA Y CALIBRADA. Es la restricción protegida más importante y el producto la cumple.","2 Contextual a análisis + 1 Global persistente (el chip)","Cabecera de Results + chip.","Igual.","Chip + hoja.","El detalle está en un `title`, no alcanzable por teclado.","El `title` no aparece en táctil: la causa gobernante es INVISIBLE sin ratón.","No.","No.","persistente","panel + canvas chrome","Cuatro niveles + `usable`.","`role=""status""`, `aria-live=""polite""`.","—","Mínimo.","HUECO: la EXPLICACIÓN de por qué un resultado es limitado o no fiable vive en un `title` HTML, que no existe en táctil ni por teclado. La información más crítica del producto tiene la ruta más débil.","Escala de fiabilidad con forma, no sólo color, y su explicación alcanzable.","Si el usuario distingue los cuatro niveles."
"RES-07","Resultados","Ver líneas de influencia","Entender cómo afecta una carga móvil.","Pestaña `influence` (familia «Avanzado»), con `InfluenceLineView` en carga perezosa precargada por hover/focus sobre la pestaña, y estado de canvas propio (`influenceCanvasState`).","src/features/results/InfluenceLineView.tsx (629 líneas); src/engine/influence.ts (788 líneas); src/engine/useInfluenceAnalysis.ts","src/engine/influence.test.ts; influenceFit.test.ts; src/features/results/InfluenceLineView.test.tsx","avanzada","inferencia","contextual","Análisis correcto.","`analysis?.success`.","Pestaña de Results.","Comando de paleta.","—","Precarga por `onFocus`/`onPointerEnter`: el chunk llega antes de que se pulse. Detalle fino y correcto.","2 Contextual a análisis + 9 Datos densos","Pestaña.","Igual.","Hoja; el modo «enfocado» le da altura.","Pestaña + cursor.","Tap.","Sí: leer un valor en una posición.","SÍ: usa `selection` para elegir el objetivo.","contextual","panel / fullscreen","Fallback de carga con `role=""status""`.","Gráfica.","—","Dentro del panel; es la vista que más altura pide.","Es datos densos dentro de un panel de 285px. Candidata clara a superficie propia.","Gráfica de influencia a densidad legible.","Frecuencia real de uso."
"RES-08","Resultados","Aprender por qué salió ese resultado","Entender el procedimiento, no sólo la cifra.","Pestaña `learn` (familia «Entender») con `LearningSteps`, `ClassroomPedagogyLevels`, `evaluateEducationalAssertions`, `buildStiffnessSubstitution` (sustitución en la matriz de rigidez) y `educational-source` con aserciones pasadas/falladas.","src/features/results/ResultsPanel.tsx:551; src/engine/educationalAssertions.ts; src/features/results/stiffnessSubstitution.ts; src/features/classroom/ClassroomPedagogyLevels.tsx","src/engine/educationalAssertions.test.ts; src/features/results/stiffnessSubstitution.test.ts","media (en Aula)","inferencia","contextual","Análisis correcto.","`analysis?.success`.","Pestaña de Results, disponible en AMBOS modos (no sólo Aula).","PDF de cálculo con anexo (`ensureEducationTrace`).","§7 (Aula sólo diagnosticada).","RESTRICCIÓN PROTEGIDA CUMPLIDA: Aula usa el MISMO análisis. La traza matricial se calcula bajo demanda (`ensureEducationTrace`) porque la corrida interactiva la omite por velocidad — un solo solver, dos profundidades de traza.","2 Contextual a análisis + 9 Datos densos","Pestaña.","Igual.","Hoja; el modo enfocado recompone `learning-steps` a una columna.","Pestaña.","Tap.","No.","Parcialmente.","contextual","panel / fullscreen","—","Aserciones con estado pasado/fallado.","—","Es la vista más larga del panel.","Contenido explicativo largo dentro de un panel corto: el modo «enfocado» ya lo reconoce. ¿Debe ser una superficie propia?","Pasos de aprendizaje y sustitución matricial legibles.","Uso fuera del modo Aula."
"RES-09","Resultados","Cambiar la altura y el modo del panel de resultados","Repartir la pantalla entre modelo y evidencia.","TRES modos (`compact`, `expanded`, `focused`) con control propio, tirador de redimensión, persistencia en localStorage (con la particularidad de que `focused` NO se restaura: al recargar vuelve a `expanded`), y en teléfono un botón «enfocar» aparte.","src/features/results/ResultsPanel.tsx:40-42, 76-81, 105-123, 163-193; src/styles.css:836, 882-909","src/features/results/ResultsPanel.test.tsx","media","inferencia","contextual","Panel presente.","Ninguna.","Cabecera del panel (`results-mode-control`) + tirador + botón de enfoque en móvil.","Comandos `expand-mobile-results` / `collapse-mobile-results` del bus.","F-02 (`resize-handle` mide 64×28, bajo el mínimo). §2 (el panel reserva altura fija en todas las anchuras).","EL MODO «ENFOCADO» YA ES UN FULLSCREEN DE RESULTADOS. La capacidad de dar espacio propio a los datos densos existe; lo que falta es que sea el camino natural.","9 Fullscreen / datos densos + 8 Configuración de layout","Tres modos + tirador.","Igual.","Colapsado a 54px por defecto; se despliega solo tras analizar; botón de enfoque propio.","Botones de modo; el tirador es `role=""separator""`.","Tap en el modo; arrastre del tirador de 64×28.","El tirador es fino.","No.","persistente","panel / sheet / fullscreen","En teléfono, tras expandir, se re-encuadra el lienzo esperando el fin de la transición (`schedulePhoneCanvasFit`).","El lienzo se reajusta.","La hoja recuerda el lanzador y valida que siga conectado y no `inert`.","22-25% del viewport en Expanded; en Compact arranca en 54px.","COMPACT YA HACE LO CORRECTO (colapsado por defecto, se abre cuando hay algo que enseñar). Expanded reserva altura desde el arranque. Es la misma inversión que el canvas-budget general.","Panel con tres modos: cómo se lee el estado actual y cómo se cambia.","Por qué `focused` no se restaura al recargar."
"RES-10","Resultados","Saber de dónde sale un número (procedencia)","Poder defender una cifra: qué magnitud, de qué objeto, en qué caso, con qué convención de signos y en qué posición.","`ProvenanceCard` con `ResultRef { quantity, entity, component, caseOrCombinationId, signConvention, position }`. Se construye distinto por pestaña y sigue al `resultCursor`.","src/features/results/ProvenanceCard.tsx; src/features/results/provenance.ts; src/features/results/ResultsPanel.tsx:148-177, 552","src/features/results/provenance.test.ts","alta","evidencia","esencial","Análisis + pestaña + selección + cursor.","`analysis?.success` y un `provenanceRef` construible.","Tarjeta al pie del cuerpo de Results.","El anexo del PDF de cálculo.","F-03 (procedencia técnica a tipografía pequeña).","ES LA FUNCIÓN MÁS DISTINTIVA DEL PRODUCTO. Ningún competidor consultado documenta una tarjeta de procedencia por número. Incluye la CONVENCIÓN DE SIGNOS, que es exactamente donde se pierde la trazabilidad en la práctica.","2 Contextual a análisis + 5 Detail","Tarjeta al pie.","Igual.","Igual, dentro de la hoja.","Lectura; sigue al cursor.","Lectura.","No.","SÍ.","contextual","panel","No se construye para todas las pestañas (`influence` no la tiene).","Se actualiza con el cursor.","—","Dentro del panel.","Debe sobrevivir a cualquier reorganización de Results. Si Results se descompone, la procedencia tiene que seguir al número, no quedarse en un panel.","Tarjeta de procedencia: es contenido técnico denso que no puede quedar a 10px.","Por qué `influence` no genera procedencia."
"RES-11","Resultados","Localizar el objeto de un resultado en el modelo","Pasar de la cifra al sitio.","Comando `focus-object` del bus, con carga tipada `FocusableSelection` (que EXCLUYE `multi` y `null` por tipo: no se puede pedir centrar algo que no es un objeto). Lo emiten Results, Model Doctor, Datasheet y la paleta.","src/features/workspace/workspaceCommands.ts:16-27; src/features/results/ResultsPanel.tsx (botones de tarjeta y tabla); src/features/model-doctor/ModelDoctor.tsx:311-316; src/features/datasheet/DatasheetPanel.tsx:354-361","src/features/workspace/workspaceCommands.test.ts (via CommandPalette.test.tsx); src/features/model-doctor/ModelDoctor.test.tsx","alta","evidencia","esencial","Un objeto identificado en cualquier superficie.","Selección enfocable.","Cuatro emisores, un solo consumidor (el lienzo).","Cuatro puertas al mismo comando.","—","EL TIPO IMPIDE EL ERROR: `FocusableSelection = Extract<NonNullable<Selection>, { id: string }>`. No hay forma de emitir un foco imposible. Es la mejor decisión del bus de comandos.","4 Canvas-local (destino) + 2/3 (origen)","Clic en la cifra o en el hallazgo.","Igual.","Igual; el Datasheet además SE CIERRA al enfocar, porque taparía el objeto centrado.","Enter sobre el botón.","Tap.","ES una ruta de precisión no espacial.","Produce selección.","contextual","cross-surface","—","El lienzo centra el objeto.","El Datasheet cierra y luego enfoca en el siguiente frame.","—","ESTE ES EL TEJIDO QUE MANTIENE COHERENTES LAS «VARIAS PUERTAS AL MISMO MODELO». Cualquier superficie nueva debe emitir `focus-object`, no inventar navegación.","Animación de centrado y realce de llegada.","Si `focus-object` anuncia algo a lectores de pantalla."
"DAT-01","Datasheet","Ver el modelo como tabla","Auditar el modelo entero de un vistazo, no objeto a objeto.","PROYECCIÓN del proyecto, no un modelo paralelo: `projectDatasheetRows(project, entity)` con tres entidades (`nodes`, `members`, `loads`). Lo único que el componente guarda es la VISTA (entidad, búsqueda, filtros, orden, celda enfocada), que desaparece al cerrar. Sin estado de entidades, sin historial ni undo propios.","src/features/datasheet/DatasheetPanel.tsx:45-56, 107-155; src/features/datasheet/datasheetModel.ts (601 líneas)","src/features/datasheet/datasheetModel.test.ts; DatasheetPanel.test.tsx; DatasheetAccessibility.test.tsx; CRI-7 flujo 07","media","inferencia","esencial","Proyecto.","Ninguna.","`Drawer` inferior modal sobre el lienzo.","Inspector (objeto a objeto), lienzo (espacial).","F-02 (casilla de 13×13 px para «Rótula» por barra — el peor objetivo del producto; buscador de 292×19.5). F-13 (rompe en 1023 y 700, umbrales propios).","LA DECISIÓN DE QUE SEA PROYECCIÓN Y NO MODELO PARALELO. Está documentada en el propio archivo y es lo que hace que «varias puertas al mismo modelo» sea verdad y no un eslogan.","9 Fullscreen / datos densos","Drawer inferior; tapa el lienzo mientras está abierto.","Igual.","Igual, con recomposición bajo 700px.","Navegación de rejilla completa (`datasheetGridNavigation`).","Scroll y tap; los controles finos (13×13) son el peor caso táctil.","SÍ, y es donde peor está resuelta: la casilla de rótula es una edición estructural real en 13×13 px.","La entidad inicial se deriva de la selección al abrir.","disclosure","drawer / table","Vacío filtrado (`datasheet.emptyFiltered`); contador «visibles de total» con `role=""status""`.","Contador de filas en vivo.","Una sola parada de tabulación en la rejilla, reencajada si el filtro deja el foco fuera.","Tapa el lienzo entero mientras está abierto.","¿Debe seguir siendo modal, o puede coexistir con el lienzo como en RFEM/ETABS? Hoy enfocar un objeto obliga a cerrarla.","Rejilla de datos: densidad alta CON controles de tamaño usable (la contradicción que F-02 expone).","Rendimiento con miles de filas (no se verificó virtualización)."
"DAT-02","Datasheet","Buscar dentro de la tabla","Encontrar una fila por su contenido.","`datasheetRowSearchText` construye el texto buscable traduciendo enumerados y FORMATEANDO los números en las unidades activas: se busca lo que se ve, no lo que se guarda.","src/features/datasheet/DatasheetPanel.tsx:140-153, 406-415; src/features/datasheet/datasheetModel.ts","src/features/datasheet/datasheetModel.test.ts","media","inferencia","esencial","Tabla abierta.","Ninguna.","Campo `type=""search""` en la barra de la tabla.","Paleta por ID (SHL-06) para nudos y barras.","F-02 (292×19.5 px de alto — muy por debajo del mínimo de 36).","Buscar sobre el texto RENDERIZADO en las unidades activas. Es sutil y es lo correcto.","9 Datos densos","Campo en la barra.","Igual.","Igual.","Teclear.","Campo de 19.5px de alto: difícil de acertar.","No para buscar; sí para acertar el campo.","No.","persistente dentro de la tabla","table","Estado vacío filtrado.","Contador de filas.","El foco de rejilla se reencaja si el filtro lo deja fuera.","Dentro del drawer.","—","Campo de búsqueda con altura usable en superficie densa.","—"
"DAT-03","Datasheet","Filtrar y ordenar","Reducir la tabla a lo relevante.","Facetas calculadas del contenido real (`datasheetFacets`) con recuento por opción, y orden por columna (`DatasheetSort`). Los tokens nunca se muestran: un enumerado del dominio se traduce, lo que nombra el usuario se enseña tal cual.","src/features/datasheet/DatasheetPanel.tsx:149, 363-370, 422-441","src/features/datasheet/datasheetModel.test.ts","media","inferencia","contextual","Entidad activa.","Facetas disponibles.","Chips bajo la barra de la tabla.","Ninguna.","F-02 (controles finos en superficie densa).","Recuento por faceta: se sabe cuántas filas quedarán antes de filtrar.","9 Datos densos","Chips.","Igual.","Igual, con scroll.","Chips con `aria-pressed`; encabezado ordenable.","Tap.","No.","No.","persistente dentro de la tabla","table","Cambiar de entidad limpia filtros, orden, foco y borrador — porque las columnas son otras.","Contador actualizado.","Reencaje del foco.","Dentro del drawer.","Los filtros del Datasheet, las capas del lienzo y el filtro de selección resuelven «reducir el universo» de tres maneras distintas en tres sitios.","Chip de faceta con recuento (unificable con el filtro de plantillas de la Welcome).","—"
"DAT-04","Datasheet","Seleccionar filas y sincronizar con el lienzo","Que elegir en la tabla sea elegir en el modelo.","Tres modos: `replace`, `additive` y `range` (con ancla `rangeAnchorRef`). `buildSelection` CONSERVA la selección de la otra entidad al componer un `multi`. Las cargas sólo admiten selección simple, porque `Selection.multi` no las transporta, y está documentado.","src/features/datasheet/DatasheetPanel.tsx:58-99, 204-231","src/features/datasheet/DatasheetPanel.test.tsx","media","evidencia","esencial","Filas visibles.","Ninguna.","Rejilla de la tabla.","Lienzo (espacial), paleta (por ID).","—","ES LA MEJOR SINCRONIZACIÓN MODELO↔TABLA DEL PRODUCTO: la tabla no tiene selección propia, usa la del workspace. Al abrir se sitúa sobre lo ya seleccionado, y la selección de la otra entidad no se pierde.","9 Datos densos + 3 Contextual a selección","Clic, Ctrl+clic, Shift+clic.","Igual.","Tap; ES LA RUTA TÁCTIL A LA MULTISELECCIÓN, dado que el marco no existe (SEL-03).","Rejilla navegable por teclado.","Tap y rango.","Acertar una fila es más fácil que acertar un nudo.","Produce y consume selección.","persistente dentro de la tabla","table","`onClearSelection` devuelve si había algo que limpiar.","El lienzo (tapado) y el Inspector reflejan la selección.","Ancla de rango en `ref`, no en estado: no provoca re-render.","Dentro del drawer.","La tabla es hoy la ÚNICA vía táctil a la multiselección, pero tapa el lienzo mientras se usa: se selecciona sin ver lo que se selecciona.","Fila seleccionada vs fila enfocada: dos estados distintos que deben leerse distinto.","—"
"DAT-05","Datasheet","Editar una celda","Corregir un valor sin buscar el objeto en el lienzo.","Borrador → plan → preview → una sola escritura. REGLA EXPLÍCITA: con el borrador vacío, un cambio válido y único se aplica YA (pedir «Aplicar» por cada celda haría inservible una hoja de datos); cualquier otro caso pasa por revisión.","src/features/datasheet/DatasheetPanel.tsx:237-296; src/features/datasheet/datasheetEditDraft.ts; datasheetEditApply.ts; DatasheetCellEditor.tsx","src/features/datasheet/DatasheetEditing.test.tsx; datasheetEditApply.test.ts; datasheetEditDraft.test.ts","media","inferencia","esencial","Celda editable.","La columna debe ser editable (`editability`).","Rejilla.","Inspector, Bulk Edit.","F-02 (la casilla de rótula, 13×13).","EL PREVIEW SALE DE LA MISMA FUNCIÓN QUE LA ESCRITURA (`applyDatasheetPlan`): si fueran dos caminos podrían divergir, y entonces lo que se ve antes de aplicar dejaría de ser lo que se escribe. Está razonado así en el código.","9 Datos densos","Doble clic / Enter sobre la celda.","Igual.","Tap.","Enter edita, Escape cancela, commit al confirmar.","Tap + teclado en pantalla.","SÍ, y mal resuelta en el caso de la casilla booleana.","No.","persistente","table","Columnas no editables anuncian POR QUÉ (`editabilityMessageKey`) por `aria-live`.","Preview antes de escribir.","Escape cancela la edición sin perder la posición.","Dentro del drawer.","La regla «un cambio simple se aplica solo, varios pasan por revisión» es un contrato de interacción propio. Merece enunciarse como patrón, no quedarse en un comentario.","Editor de celda por tipo (número, enumerado, booleano) con objetivos usables.","—"
"DAT-06","Datasheet","Pegar un bloque de celdas","Traer 20 filas desde una hoja de cálculo.","`parseClipboardGrid` + `mapPasteToEdits` con ancla. Registra lo DESCARTADO en dos categorías: fuera de rango (`droppedOutside`) y de sólo lectura (`droppedReadOnly`). El informe se guarda AUNQUE sea cero, para poder decir que un pegado entró entero.","src/features/datasheet/DatasheetPanel.tsx:285-296; src/features/datasheet/datasheetPaste.ts","src/features/datasheet/datasheetPaste.test.ts","media","inferencia","esencial","Portapapeles con rejilla.","Celda ancla enfocada.","Ctrl+V sobre la rejilla.","Ninguna: es la vía masiva por excelencia.","—","DECIR QUÉ SE DESCARTÓ Y POR QUÉ, incluso cuando no se descartó nada. Es honestidad de interfaz poco común.","9 Datos densos + 7 Power-user","Ctrl+V.","Igual.","DEPENDE DE TECLADO: sin teclado físico no hay pegado. Hueco táctil.","Ctrl+V.","UNKNOWN: no se verificó una ruta táctil de pegado.","No.","No.","invisible","table → workflow (revisión)","Siempre pasa por revisión (`paste !== null` fuerza `reviewing`).","Panel de revisión con lo aceptado y lo descartado.","Aplicar o cancelar explícitos.","Dentro del drawer.","Pegar es la operación masiva más potente y no tiene ruta táctil. Mismo hueco que MOD-13.","Informe de pegado: aceptado vs descartado.","Ruta táctil de pegado — UNKNOWN explícito."
"DAT-07","Datasheet","Revisar, aplicar o cancelar un cambio pendiente","Ver qué va a cambiar antes de que cambie.","`DatasheetReviewPanel` sustituye al panel editor SÓLO cuando el borrador viene de la rejilla (que no tiene dónde explicar un cambio pendiente) o de un pegado. Si el borrador viene del panel editor, la revisión NO lo sustituye: quitaría al usuario justo lo que estaba mirando.","src/features/datasheet/DatasheetPanel.tsx:126-133, 339-345, 469-497; src/features/datasheet/DatasheetReviewPanel.tsx","src/features/datasheet/DatasheetEditorPanel.test.tsx; DatasheetEditing.test.tsx","media","inferencia","esencial","Borrador no vacío.","Cambios pendientes.","Panel lateral dentro del drawer.","Bulk Edit tiene su propio resumen (INS-04).","—","LA REGLA DE CUÁNDO APARECE LA REVISIÓN ESTÁ RAZONADA Y ES CORRECTA. Distingue el origen del borrador para no destruir el contexto del usuario. Es el detalle de UX mejor pensado del producto.","6 Workflow temporal","Panel lateral en el drawer.","Igual.","Apilado; compite por altura con la rejilla.","Aplicar / Cancelar explícitos.","Igual.","No.","No.","contextual","workflow dentro de drawer","`plan.errors` por campo; `plan.applicable` gobierna el botón.","Lista de cambios + descartes del pegado.","Cancelar limpia borrador, edición, pegado y origen.","Dentro del drawer.","Este patrón (borrador → plan → preview → escritura única) existe en Datasheet, Bulk Edit, edición estructural, generadores y Model Doctor. Son CINCO implementaciones del mismo contrato.","Panel de revisión unificado para los cinco casos.","—"
"DAT-08","Datasheet","Editar el objeto enfocado desde el panel editor","Editar con etiquetas y previsualización, no a ciegas en una celda.","`DatasheetEditorPanel` muestra el objeto de la fila enfocada con preview (`previewProject`), error junto a su campo y barra de aplicar propia. Nunca aplica solo: siempre al borrador.","src/features/datasheet/DatasheetEditorPanel.tsx (755 líneas); DatasheetPanel.tsx:327-337, 481-497","src/features/datasheet/DatasheetEditorPanel.test.tsx","media","inferencia","contextual","Fila enfocada.","Fila existente.","Panel lateral del drawer.","Es esencialmente un Inspector DENTRO del Datasheet — una tercera ficha de propiedades del mismo objeto.","—","El preview usa `previewProject`, el proyecto con el plan aplicado, así que lo que se ve es lo que se escribirá.","5 Inspector/detail dentro de 9 Datos densos","Panel lateral.","Igual.","Apilado.","Tab por campos.","Scroll + campos.","Mejor que la celda: campos etiquetados.","Sigue a la fila enfocada, no a la selección.","persistente dentro del drawer","panel dentro de drawer","Errores por campo; contador de pendientes.","Preview + «enfocar objeto» que cierra la hoja.","Botón de enfoque devuelve al lienzo.","Dentro del drawer.","DUPLICACIÓN A EVALUAR: hay TRES fichas de propiedades del mismo objeto (Inspector, DatasheetEditorPanel, Bulk Edit). Las tres escriben el mismo modelo, pero son tres interfaces distintas para la misma lectura.","Ficha de propiedades unificada, instanciable en panel, hoja y drawer.","Cuánto se solapa realmente el conjunto de campos entre las tres."
"DAT-09","Datasheet","Cambiar de entidad (nudos / barras / cargas)","Auditar otra parte del modelo.","Tres botones con recuento en vivo. Cambiar de entidad invalida orden, filtros, foco y borrador, porque sus filas y columnas son otras.","src/features/datasheet/DatasheetPanel.tsx:157-168, 385-404","src/features/datasheet/DatasheetPanel.test.tsx","media","evidencia","esencial","Tabla abierta.","Ninguna.","Barra de la tabla.","La entidad inicial se deriva de la selección al abrir.","—","El recuento en el propio botón: se sabe cuántas cargas hay sin cambiar de vista.","9 Datos densos","Tres botones.","Igual.","Igual.","Tab + Enter.","Tap.","No.","Sí al abrir.","persistente","table","Invalidación explícita del borrador al cambiar.","Columnas nuevas.","Foco a (0,0).","Dentro del drawer.","Sólo tres entidades. Apoyos, materiales, secciones y combinaciones no tienen tabla.","Selector de entidad con recuento.","Si faltan entidades que el usuario esperaría (apoyos, combinaciones)."
"DAT-10","Datasheet","Enfocar en el lienzo el objeto de la fila","Volver del dato al modelo.","`onFocusObject`: selecciona, CIERRA el drawer y luego emite `focus-object` en el siguiente frame. El cierre es deliberado: dejarlo abierto taparía justo el objeto que se acaba de centrar.","src/features/datasheet/DatasheetPanel.tsx:354-361","src/features/datasheet/DatasheetPanel.test.tsx","media","evidencia","esencial","Fila enfocada.","Objeto localizable.","Botón del panel editor.","Model Doctor y Results hacen lo mismo con el mismo comando.","—","Cerrar al enfocar es la consecuencia HONESTA de que el drawer sea modal. Reconoce el problema en vez de disimularlo.","4 Canvas-local (destino)","Botón.","Igual.","Igual.","Enter.","Tap.","Ruta de precisión no espacial.","Produce selección.","contextual","cross-surface","—","Drawer cerrado + objeto centrado.","El Drawer devuelve el foco a su lanzador recordado.","Recupera el lienzo entero.","Que enfocar EXIJA cerrar la tabla es la prueba de que hoy son destinos alternativos y no vistas coordinadas. RFEM y ETABS resuelven esto con tablas acopladas.","Transición tabla→modelo: cómo no se pierde el sitio.","Si el usuario pierde el contexto tabular al volver."
"DOC-01","Model Doctor","Diagnosticar el modelo antes de analizar","Encontrar problemas sin gastar un análisis.","`buildModelDoctorReport(project)` produce hallazgos con `id` estable, `severity` (critical/warning/suggestion), `category`, `affectedObjects`, `target`, `canLocate`, `canAcknowledge`, `suggestedTool` y `repair`. NO requiere análisis previo.","src/features/model-doctor/modelDoctorDiagnostics.ts; ModelDoctor.tsx:233-471","src/features/model-doctor/modelDoctorDiagnostics.test.ts; ModelDoctor.test.tsx; scripts/qa-model-doctor.mjs; CRI-7 flujo 06","media","inferencia","esencial","Proyecto.","Ninguna.","`Drawer` lateral en escritorio, INFERIOR bajo 700px (`useCompactDoctor`).","Cinco lanzadores (SHL-14).","F-06 (pierde el botón directo bajo 1024px).","DIAGNOSTICA SIN ANALIZAR. Y elige el lado del drawer por ANCHO DE VIEWPORT (700px), que es un ejemplo interno de adaptación de superficie sin cambiar la función.","2 Contextual a proyecto/análisis","Drawer lateral.","Drawer lateral.","Drawer inferior.","Tab por hallazgos.","Scroll + tap.","No.","No: diagnostica todo el modelo.","disclosure","drawer","`allClear` con su propio bloque; filtro sin resultados.","Toast automático cuando cambia la firma de hallazgos.","Hace `inert` el shell SÓLO cuando la superficie confirma estar montada (`onSurfaceReady`), para que la mesa siga operable mientras carga el chunk.","Tapa parte del lienzo.","El lanzador no dice cuántos hallazgos hay, aunque el sistema ya lo calcula para el toast.","Severidad con forma además de color; recuento en el lanzador.","Cuántos hallazgos tiene un modelo real medio."
"DOC-02","Model Doctor","Filtrar hallazgos por severidad","Atender primero lo grave.","Cuatro botones (todos, crítico, aviso, sugerencia) con recuento, `aria-pressed`.","src/features/model-doctor/ModelDoctor.tsx:290-292, 346-396","src/features/model-doctor/ModelDoctor.test.tsx","media","inferencia","contextual","Hallazgos.","`report.total > 0`.","Cabecera del drawer.","Ninguna.","—","Recuento por severidad visible sin filtrar.","2 Contextual a proyecto","Cuatro botones.","Igual.","Igual.","Tab + Enter.","Tap.","No.","No.","contextual","drawer","Filtro sin resultados tiene mensaje propio.","Lista recortada.","—","Dentro del drawer.","—","Filtro por severidad con recuento (unificable con las facetas del Datasheet).","—"
"DOC-03","Model Doctor","Entender un hallazgo","Saber qué pasa, por qué importa y qué hacer.","`presentModelDoctorFinding` produce TRES textos separados: `explanation` (detectado), `whyItMatters` (por qué) y `suggestedAction` (acción), desplegables bajo «Explicar». Además lista los objetos afectados con su tipo.","src/features/model-doctor/modelDoctorPresentation.ts; ModelDoctor.tsx:426-450","src/features/model-doctor/modelDoctorPresentation.test.ts","media","evidencia","esencial","Hallazgo.","Hallazgo presente.","Tarjeta del drawer, con disclosure.","Ninguna.","—","SEPARAR «QUÉ», «POR QUÉ» Y «QUÉ HACER» EN TRES CAMPOS DEL MODELO, no en un párrafo. Es lo que permite mostrarlos progresivamente sin reescribir el texto.","5 Detail","Tarjeta + disclosure.","Igual.","Igual.","Botón `aria-expanded` con `aria-controls`.","Tap.","No.","No.","disclosure","drawer","`ambiguousRepair` cuando la reparación no es aplicable automáticamente.","Texto desplegado.","Cada tarjeta tiene `aria-labelledby` compuesto de severidad + título.","Dentro del drawer.","Este modelo de tres textos es el mismo que necesitaría cualquier estado de error del producto. Hoy sólo lo tiene Model Doctor.","Tarjeta de hallazgo con severidad, explicación progresiva y acciones.","—"
"DOC-04","Model Doctor","Localizar el objeto de un hallazgo","Ver el problema en el modelo.","`locate(finding)`: selecciona el `target`, CIERRA el drawer y emite `focus-object`. Si no hay `target`, muestra «localización no disponible» en vez de un botón muerto.","src/features/model-doctor/ModelDoctor.tsx:311-316, 452-453","src/features/model-doctor/ModelDoctor.test.tsx","media","evidencia","esencial","Hallazgo con objetivo.","`finding.canLocate`.","Botón de la tarjeta.","Mismo comando que Results y Datasheet.","—","DICE CUÁNDO NO PUEDE en vez de ofrecer un botón que no hace nada. `canLocate` es parte del modelo del hallazgo, no una comprobación de la vista.","4 Canvas-local (destino)","Botón.","Igual.","Igual.","Enter.","Tap.","Ruta de precisión no espacial.","Produce selección.","contextual","cross-surface","`unavailableLocation` explícito.","Drawer cerrado + objeto centrado.","El Drawer restaura el foco a su lanzador.","Recupera el lienzo.","Igual que DAT-10: localizar exige cerrar el diagnóstico. SkyCiv mantiene el resalte con el panel abierto («Preview»).","Realce de llegada tras localizar.","Si el usuario vuelve al Doctor tras localizar, y cómo."
"DOC-05","Model Doctor","Previsualizar y aplicar una reparación de topología","Arreglar nudos coincidentes y barras que se cruzan sin perder información.","`prepareTopologyRepair(project)` produce un preview EXHAUSTIVO: nudos fusionados (con qué se conserva del apoyo y de la rótula interna), barras divididas (con releases, muelles y offsets resultantes), cambios en nudos y barras, referencias afectadas (cargas nodales, de miembro, desplazamientos prescritos, efectos iniciales) con su `disposition`, pares coincidentes OMITIDOS y topología NO resuelta. Detecta si el modelo cambió bajo el preview (`sourceSnapshot`) y bloquea el aplicar.","src/features/model-doctor/topologyRepairPreview.ts; ModelDoctor.tsx:90-231, 318-344; src/commands/topologyRepairCommand.test.ts","src/features/model-doctor/topologyRepairPreview.test.ts; src/commands/topologyRepairCommand.test.ts; src/store/ProjectContext.modelDoctor.test.tsx","baja","inferencia","esencial","Hallazgo con `repair.available`.","Reparación no ambigua.","Vista sustitutiva dentro del drawer, con botón de volver.","Ninguna: es la única reparación automática del producto.","—","FAIL-CLOSED EJEMPLAR Y ALINEADO CON LA POLÍTICA: (a) no repara lo ambiguo y lo dice (`ambiguousRepair`); (b) enumera lo que OMITE y lo que NO resuelve; (c) invalida el preview si el modelo cambió debajo; (d) exige regenerar en vez de aplicar a ciegas. Esto es exactamente lo que NO debe copiarse de la reparación automática de SkyCiv.","6 Workflow temporal","Vista sustitutiva en el drawer.","Igual.","Igual, en drawer inferior.","Foco al botón de volver al entrar; Aplicar / Cancelar / Regenerar.","Scroll largo + botones de 44px.","No.","No.","workflow","workflow dentro de drawer","`stale` con `role=""alert""`; `error`; `applying` con etiqueta; `disabled` si stale o sin cambios.","Confirmación con foco dirigido (`appliedStatusRef`).","Retorno al botón que abrió el preview (`previewReturnId`).","Dentro del drawer.","Es el workflow temporal más completo del producto y vive dentro de un drawer. ¿Merece superficie propia?","Preview de reparación: lista larga de cambios legible sin agotar.","Frecuencia real de reparaciones aplicables."
"DOC-06","Model Doctor","Reconocer (acknowledge) un hallazgo","Marcar como revisado lo que no se va a cambiar.","Conjunto de IDs reconocidos, elevado a `WorkspaceShell` para sobrevivir al cierre del drawer. Se DEPURA solo cuando un hallazgo deja de existir, y se vacía al cambiar de proyecto.","src/features/model-doctor/ModelDoctor.tsx:263-272, 303-309, 459-463; src/features/workspace/WorkspaceShell.tsx:32, 109-113","src/features/model-doctor/ModelDoctor.test.tsx","baja","inferencia","contextual","Hallazgo con `canAcknowledge`.","Hallazgo presente.","Botón de la tarjeta.","Ninguna.","—","NO SE PERSISTE ENTRE PROYECTOS NI SOBREVIVE A QUE EL HALLAZGO DESAPAREZCA. Un «reconocido» caducado sería peor que ninguno.","2 Contextual a proyecto","Botón.","Igual.","Igual.","Enter.","Tap.","No.","No.","contextual","drawer","Estado reconocido con marca visual.","La tarjeta se marca.","—","Dentro del drawer.","El reconocimiento se pierde al recargar la app. ¿Debe persistir? Es una decisión de producto, no un defecto.","Estado «reconocido» sin sugerir «resuelto».","Si el usuario espera que persista."
"DOC-07","Model Doctor","Saltar del hallazgo a la herramienta que lo arregla","Pasar del diagnóstico a la corrección manual.","`finding.suggestedTool` → `setActiveTool` + cerrar el drawer.","src/features/model-doctor/ModelDoctor.tsx:454-457","src/features/model-doctor/ModelDoctor.test.tsx","baja","inferencia","contextual","Hallazgo con herramienta sugerida.","`finding.suggestedTool` presente.","Botón de la tarjeta.","Elegir la herramienta a mano en el rail.","—","El hallazgo SABE qué herramienta lo resuelve. Es contextualidad de dominio, no de interfaz.","6 Workflow temporal","Botón.","Igual.","Igual.","Enter.","Tap.","No.","No.","contextual","cross-surface","Sólo aparece si hay herramienta sugerida.","Drawer cerrado + herramienta activa + badge de modo.","Retorno al lanzador.","—","Elige la herramienta pero NO la selección: el usuario queda con la herramienta correcta y sin el objeto. Comparar con DOC-04, que sí selecciona.","—","Si combinar localizar + herramienta en un solo gesto sería mejor."
"PER-01","Persistencia","Guardar automáticamente el trabajo","No perder nada sin tener que acordarse de guardar.","Doble almacén: el proyecto vivo en `localStorage` (leído síncronamente al arrancar) y el repositorio `IndexedDbProjectRepository` con revisión, checksum y recuperaciones. `projectChecksum` es criptográfico sobre el proyecto normalizado.","src/store/ProjectContext.tsx:38, 57-77; src/storage/projectRepository.ts:56-73, 149-268","src/storage/projectRepository.test.ts; src/store/ProjectContext.test.tsx","alta","evidencia","esencial","Cambio en el modelo.","Ninguna.","Invisible; su estado se ve en el chip del TopBar (SHL-21).","Exportación manual a JSON (SHL-22).","—","LOCAL-FIRST REAL: sin red, sin cuenta y sin pérdida. Y la persistencia NUNCA interrumpe el editor: los fallos de `localStorage` se capturan y se muestran como estado, no como excepción.","1 Global persistente","Invisible.","Invisible.","Invisible.","No accionable.","No accionable.","No.","No.","invisible (estado visible)","—","Los siete de SHL-21.","Chip del TopBar.","—","—","Dos almacenes con papeles distintos y sin contrato explícito de cuál manda. Es la ambigüedad de persistencia más importante que queda.","—","Qué ocurre si localStorage y IndexedDB divergen."
"PER-02","Persistencia","Trabajar sin conexión","Seguir modelando en obra o en clase sin red.","PWA con service worker y aviso de actualización. El estado `offline` se deriva de eventos `online`/`offline` del navegador y se muestra explícitamente.","src/platform/pwaLifecycle.ts; src/features/topbar/TopBar.tsx:107-115, 212-213","src/platform/pwaLifecycle.test.ts","media","inferencia","esencial","Conectividad.","Ninguna.","Estado en el TopBar.","Ninguna.","—","NADA DEL PRODUCTO REQUIERE RED: solver, persistencia, exportación y análisis son locales. Estar offline no degrada ninguna función.","1 Global persistente","Chip.","Chip.","Icono + detalle en «Más».","Informativo.","Informativo.","No.","No.","persistente","canvas chrome","`offline` diferenciado de los errores de almacenamiento.","`aria-live`.","—","—","Offline no bloquea nada, pero se muestra con el mismo tono de aviso que los errores reales. ¿Es un problema o un estado normal?","Tono de «offline»: informativo, no de error.","—"
"PER-03","Persistencia","Resolver un conflicto de revisión","No perder ninguna de las dos versiones.","`RepositoryConflictError` se lanza DESPUÉS de haber creado la recuperación en la misma transacción. La recuperación guarda el proyecto completo y su checksum.","src/storage/projectRepository.ts:45-55, 195-208","src/storage/projectRepository.test.ts","baja","evidencia","esencial","Dos escrituras sobre revisiones distintas.","Conflicto detectado.","Estado `conflict` en el TopBar; la resolución está en el Project Hub (ENT-09), en otra pantalla.","Ninguna dentro de la mesa.","—","LA RECUPERACIÓN SE ESCRIBE ANTES DE FALLAR, en la misma transacción. Es fail-closed correcto: primero se salva, luego se avisa.","2 Contextual a proyecto + 6 Workflow temporal","Aviso sin acción.","Igual.","Igual.","No accionable desde la mesa.","Igual.","No.","No.","persistente (aviso)","canvas chrome","`conflict` con mensaje propio (`storageMessage`).","Chip + descripción en «Más».","—","—","HUECO DE ACCESO nº 1 EN GRAVEDAD: el producto detecta el conflicto, salva ambas versiones y luego deja al usuario sin ruta para resolverlo sin salir de la mesa.","Estado de conflicto con acción, no sólo con aviso.","Frecuencia real de conflictos."
"PER-04","Persistencia","Migrar un proyecto de una versión anterior","Abrir trabajo antiguo sin corromperlo.","`normalizeProject` + `migrateLegacyProject` con cuatro resultados (`no-source`, `migrated`, `already-migrated`, `conflict`). Una migración genera recuperación con `reason: ""migration""`.","src/data/migrate.ts (543 líneas); src/storage/projectRepository.ts:275-290","src/storage/projectRepository.test.ts; src/engine/projectSignature.test.ts","baja","evidencia","esencial","Proyecto de esquema antiguo.","Fuente heredada presente.","Invisible, automático.","Ninguna.","—","La migración deja rastro recuperable ANTES de reescribir. Y `already-migrated` se distingue de `migrated`: no se migra dos veces.","1 Global persistente","Invisible.","Invisible.","Invisible.","No accionable.","No accionable.","No.","No.","invisible","—","Cuatro resultados; el de `conflict` devuelve el registro existente.","UNKNOWN: no se verificó si la migración se comunica al usuario.","—","—","Una migración silenciosa es cómoda hasta que algo cambia de sentido. ¿Debe anunciarse?","—","Si el usuario se entera de que su proyecto fue migrado."
"STA-01","Estados","Entender un estado vacío","Saber qué hacer cuando no hay nada que ver.","Results tiene `EmptyResults` que NO dice «sin datos»: dice cuál es el SIGUIENTE PASO, derivado de `deriveClassroomProgress` (construir geometría, definir apoyos, definir cargas, analizar), con su botón. Model Doctor tiene `allClear`. Datasheet tiene vacío filtrado.","src/features/results/ResultsPanel.tsx:51-56, 545, 561+; src/education/classroomProgress.ts; src/features/model-doctor/ModelDoctor.tsx:382-387","src/features/results/ResultsPanel.test.tsx; src/features/model-doctor/ModelDoctor.test.tsx","alta","evidencia","esencial","Ausencia de contenido.","Ninguna.","Dentro de cada superficie.","Ninguna.","—","EL VACÍO DE RESULTS ES UN ESTADO CON INSTRUCCIÓN, no un hueco. Deriva el siguiente paso del estado real del modelo y ofrece la acción. Es el mejor estado vacío del producto.","Transversal","Tarjeta con acción.","Igual.","Igual.","Botón alcanzable.","Tap.","No.","No.","contextual","panel / drawer","Es el estado.","Instrucción + acción.","—","Ocupa el panel completo.","El panel de Results reserva 22-25% del viewport PARA MOSTRAR UN ESTADO VACÍO cuando no se ha analizado. El estado es bueno; el coste de mostrarlo permanentemente, no.","Estado vacío con siguiente paso: patrón unificable a todas las superficies.","—"
"STA-02","Estados","Entender un estado de carga","Saber que la app está trabajando.","`Spinner` del design system, `aria-busy`, `role=""status""`, `StatusStrip` con tono `loading`, `loadingLabel` en botones y `Suspense` con fallback anunciado en Model Doctor.","src/design-system/components/editor.tsx:76-104; src/design-system/components/feedback.tsx; src/features/workspace/WorkspaceShell.tsx:280","src/design-system/components/feedback.test.tsx; editor.test.tsx","alta","evidencia","esencial","Operación asíncrona.","Ninguna.","En cada superficie que carga.","Ninguna.","—","`StatusStrip` ya define SEIS tonos (`ready, loading, success, stale, warning, error`) con `role` y `aria-live` correctos por tono. El vocabulario de estados existe en el design system.","Transversal","Spinner / strip.","Igual.","Igual.","No accionable.","Igual.","No.","No.","transitorio","todas","Es el estado.","`aria-busy`.","No roba el foco.","—","El `StatusStrip` con seis tonos existe y NO lo consumen todas las superficies. Es el mismo problema que F-04: patrón hecho, no conectado.","Un solo vocabulario de estado consumido por todas las superficies.","Cuántas superficies consumen `StatusStrip` realmente."
"STA-03","Estados","Entender un análisis obsoleto (stale)","No leer resultados que ya no corresponden al modelo.","`invalidateAnalysis` se dispara al cambiar el modelo o los ajustes de análisis; `analysisSignature` compara la firma del proyecto con la del análisis. `StatusStrip` tiene tono `stale`.","src/store/ProjectContext.tsx:113-126, 134-139; src/engine/projectSignature.ts; src/features/results/ResultsPanel.tsx:7","src/engine/projectSignature.test.ts; src/store/ProjectContext.analysisFailure.test.tsx","alta","evidencia","esencial","Modelo cambiado tras analizar.","Análisis previo.","Chip del TopBar + estado de Results.","Ninguna.","—","LA FIRMA DEL PROYECTO ES LA FUENTE, no una bandera manual. No hay forma de que un resultado obsoleto se presente como vigente.","Transversal / 2 Contextual a análisis","Chip + estado.","Igual.","Chip.","No accionable directamente.","Igual.","No.","No.","persistente","canvas chrome + panel","Es el estado.","`aria-live`.","—","—","Con el análisis obsoleto, el overlay de resultados del lienzo sigue dibujado. No se verificó si se atenúa o se retira.","Marcado de «obsoleto» sobre datos y sobre overlays.","Comportamiento del overlay del lienzo en estado stale."
"STA-04","Estados","Entender un análisis fallido","Saber que no hay resultado y qué hacer.","`analysisFailure.ts` clasifica el fallo; `FailedResults` ofrece un enlace DIRECTO a Model Doctor. `ProjectContext` fija `resultTab = ""issues""` al fallar.","src/engine/analysisFailure.ts; src/features/results/ResultsPanel.tsx:546; src/store/ProjectContext.tsx:239, 518","src/store/ProjectContext.analysisFailure.test.tsx; src/engine/validation.test.ts","media","evidencia","esencial","Análisis fallido.","`analysis && !analysis.success`.","Cuerpo de Results + chip del TopBar.","Model Doctor.","—","EL FALLO OFRECE LA SIGUIENTE ACCIÓN (abrir Model Doctor), no sólo el diagnóstico. Cerrar el bucle error→herramienta es lo correcto.","Transversal / 2 Contextual a análisis","Tarjeta + chip.","Igual.","Igual.","Botón alcanzable.","Tap.","No.","No.","contextual","panel","Es el estado.","Tarjeta con acción.","—","Ocupa el panel.","INCOHERENCIA MENOR VERIFICADA: `resultTab` puede valer `""issues""`, pero la lista de pestañas de `ResultsPanel` no incluye esa pestaña, así que `activeTab` cae silenciosamente a `summary` (`ResultsPanel.tsx:179`). Funcionalmente no se pierde nada (el cuerpo muestra el fallo igualmente), pero `aria-selected` queda en una pestaña que no es el estado real.","Estado de fallo: qué falló y qué hacer, con la misma estructura de tres textos de Model Doctor.","Si `issues` fue una pestaña que se retiró sin limpiar el tipo."
"STA-05","Estados","Entender un control deshabilitado","Saber por qué no se puede hacer algo.","Desigual. BIEN: el Datasheet anuncia por `aria-live` POR QUÉ una columna no es editable; Model Doctor dice «localización no disponible»; el índice elástico nombra su bloqueo. MAL: undo/redo sólo se atenúan; las pestañas de Results en la paleta se deshabilitan sin decir que falta analizar; la herramienta `cut` se puede activar sin análisis y simplemente no hace nada.","src/features/datasheet/DatasheetPanel.tsx:233-236; src/features/model-doctor/ModelDoctor.tsx:453; src/features/results/elasticDemand.ts:296-322; src/features/workspace/CommandPalette.tsx:226","src/features/datasheet/DatasheetAccessibility.test.tsx; src/features/results/elasticDemand.test.ts","alta","evidencia","esencial","Precondición incumplida.","Ninguna.","Disperso por superficie.","Ninguna.","—","Los tres casos que SÍ explican son el modelo a seguir, y ya existen en el producto.","Transversal","Variable.","Variable.","Variable.","Cuando se explica, por `aria-live`.","Cuando se explica por `title` (RES-06), NO llega al táctil.","No.","A menudo la precondición ES la selección.","contextual","todas","Es el estado.","Inconsistente entre superficies.","—","—","Regla pendiente: todo control deshabilitado debe poder decir por qué, y por una ruta que exista en táctil (no `title`).","Patrón único de «no disponible porque…».","Recuento exacto de controles deshabilitados sin explicación."
"STA-06","Estados","Trabajar con movimiento reducido / alto contraste","Usar la app sin animación o con ajustes del sistema.","`prefers-reduced-motion` honrado GLOBALMENTE (colapsa a 0.001ms) y además por componente (`useReducedMotion` en TopBar y Welcome). También hay `prefers-reduced-transparency` y `forced-colors: active`.","src/styles.css; src/features/topbar/TopBar.tsx:83-91; src/features/welcome/WelcomeScreen.tsx","CRI-7 §5.","baja","evidencia","esencial","Preferencia del sistema.","Ninguna.","Automático.","Ninguna.","§5 y §6 (fortaleza nº 5).","TRES preferencias del sistema honradas, dos de ellas poco frecuentes. Y los tiempos de motion coinciden exactamente con el Brandbook §12 (70/140/220/360).","Transversal","Automático.","Automático.","Automático.","No accionable.","Igual.","No.","No.","invisible","todas","Es el estado.","Sin animación.","—","—","Cualquier animación nueva debe respetar el mismo contrato.","Motion bajo Brandbook §12, ya alineado.","Contraste medido por píxel (CRI-7 lo declara pendiente)."
"AUL-01","Aula","Seguir el recorrido guiado de un ejercicio","Saber en qué paso del método se está.","`ClassroomGuide` con CINCO pasos (`build, define, analyze, compare, conclude`) derivados del estado real del proyecto (`deriveClassroomJourney`), barra de progreso, estado por paso (`current`, `attention`, `complete`, `pending`) y acción ejecutable por paso (elegir herramienta, analizar, comparar). Se monta sobre el lienzo sólo en modo Aula.","src/features/classroom/ClassroomGuide.tsx:20-78; src/education/classroomJourney.ts; src/features/workspace/WorkspaceShell.tsx:264","src/features/classroom/ClassroomGuide.test.tsx; CRI-7 flujo 09b","media (en Aula)","inferencia","contextual","`calculationMode === ""classroom""`.","Modo Aula.","Banda sobre el lienzo, encima del canvas.","Results › pestaña «Entender» (RES-08) cubre la parte explicativa.","§7 (tipografías de 9-10px en marcador, títulos y descripciones; radios de 9px, fuera de escala; `is-compact` pasa los pasos a una columna y revela las descripciones).","EL PROGRESO SE DERIVA DEL MODELO REAL, no de un checklist que el usuario marca. Y `is-compact` ya demuestra que la banda sabe recomponerse. El color de Aula (`--sc-color-aula` = rosa) cumple el Brandbook §01 y nunca comparte tono con el violeta de deformada.","6 Workflow temporal + 2 Contextual a proyecto","Banda de 6 columnas sobre el lienzo.","Igual — y aquí es donde más lienzo cuesta.","`is-compact`: sólo el paso actual, con su descripción.","Botón de acción por paso.","Tap; el botón respeta 44px de alto.","No.","No.","persistente en modo Aula","overlay sobre canvas","Cuatro estados por paso, anunciados por `sr-only`; `aria-current=""step""`.","`output aria-live` con el recuento completado/total.","—","Banda permanente ENCIMA del lienzo en modo Aula.","FUERA DE ALCANCE DISEÑAR AULA vNEXT. Sólo se registra: en modo Aula el lienzo pierde una banda adicional sobre un presupuesto que ya está invertido en Expanded.","Recorrido de pasos: tipografía y radios dentro de escala.","Nada relevante: CRI-8 no diseña Aula."
"AUL-02","Aula","Ver niveles pedagógicos del resultado","Leer la explicación al nivel adecuado.","`ClassroomPedagogyLevels` dentro de la pestaña «Entender» de Results.","src/features/classroom/ClassroomPedagogyLevels.tsx; src/features/results/ResultsPanel.tsx:23","src/features/results/ResultsPanel.test.tsx","baja","inferencia","contextual","Análisis correcto.","`analysis?.success`.","Results › Entender.","Anexo del PDF.","§7.","Comparte panel y análisis con el modo Completo: un solo motor, dos profundidades de lectura.","2 Contextual a análisis","Pestaña.","Igual.","Hoja.","Pestaña.","Tap.","No.","No.","contextual","panel","—","Texto.","—","Dentro del panel.","Fuera de alcance.","Tipografía de contenido explicativo largo.","—"
"AUL-03","Aula","Mantener la sesión de aula","Registrar el avance del ejercicio.","`ClassroomSessionProvider` con `markAnalysisRequested`, montado en `App.tsx` alrededor de la Welcome y del workspace, con `projectId` y disponibilidad de análisis.","src/store/ClassroomSessionContext.tsx; src/App.tsx:53-59; src/features/topbar/TopBar.tsx:249-254","src/store/ClassroomSessionContext.test.tsx","media (en Aula)","evidencia","contextual","Sesión.","Ninguna.","Invisible.","Ninguna.","§7.","La sesión NO duplica el análisis: sólo marca que se pidió. RESTRICCIÓN PROTEGIDA CUMPLIDA — Aula usa el mismo solver.","Transversal","Invisible.","Invisible.","Invisible.","No accionable.","No accionable.","No.","No.","invisible","—","—","—","—","—","Fuera de alcance.","—","Qué persiste de una sesión de aula entre recargas."
"S3D-01","Space 3D","Trabajar en el dominio espacial experimental","Modelar y analizar en 3D.","Dominio SEPARADO con su propio modelo (`src/space3d/model`), su store (`Space3DProjectContext`), su motor (`src/space3d/engine`), su vista Three.js (`threeViewport`), su rail (`Space3DToolRail`), su navegador de modelo (`Space3DModelNav`), su editor de entidades y su panel de resultados. Marcado «Experimental» en la propia interfaz.","src/features/space3d/Space3DWorkspace.tsx (795 líneas); src/space3d/ (5 subdominios); src/features/space3d/space3d.css","src/features/space3d/Space3DWorkspace.test.tsx; scripts/check-space3d-capacity.mjs; validation/space3d/","baja","inferencia","secundaria","Pantalla Space3D.","Ninguna.","Pantalla completa propia, con dos orígenes (Inicio o mesa).","Ninguna.","§8 (tratado aparte: 20 controles bajo 44px y 11 bajo 36px en 1440×900; `space3d-linkish` a 26×36; `space3d-rail-button` a 24×44; texto a 10px; breakpoints propios 599/959/1440; resolución de tema duplicada).","ESTÁ MARCADO COMO EXPERIMENTAL EN LA INTERFAZ y su coste (649 kB) sólo lo paga quien lo abre. La separación es honesta.","9 Fullscreen (dominio separado)","Pantalla propia.","Igual.","Igual.","Rail propio.","Controles bajo el mínimo táctil (CRI-7 §8).","Sí, y peor resuelta que en 2D.","Tiene `Space3DModelNav` con foco por tipo de entidad.","persistente dentro de su pantalla","fullscreen","Aviso experimental (`role=""note""`).","Propio.","No verificado el retorno a 2D.","Independiente del 2D.","RESTRICCIÓN PROTEGIDA: mantener 2D y Space3D separados y NO exigir paridad. Lo que sí debe decidirse es si Space3D hereda el sistema de interacción de CRI-9 o queda congelado hasta salir de experimental.","Space3D queda fuera del sistema visual de CRI-10 salvo el marcado de «experimental» y los tokens compartidos.","Qué se conserva al ir y volver entre 2D y Space3D. NO SE INVENTA información espacial: el mapa no afirma paridad alguna."
"S3D-02","Space 3D","Navegar el modelo espacial por lista","Alcanzar entidades sin depender de la puntería 3D.","`Space3DModelNav` con foco por tipo (`Space3DModelFocus`), sincronizado con la selección espacial.","src/features/space3d/Space3DModelNav.tsx; Space3DWorkspace.tsx:207, 255-291, 583","src/features/space3d/Space3DWorkspace.test.tsx","baja","inferencia","contextual","Modelo espacial.","Ninguna.","Panel dentro de la pantalla Space3D.","Selección directa en la vista 3D.","§8 (`space3d-linkish` a 26×36 son justamente estos enlaces N1/N2/M1…).","Es la ruta NO ESPACIAL a un objeto espacial: el mismo principio que la paleta por ID en 2D.","9 Fullscreen (dominio separado)","Panel.","Igual.","Igual.","Tab por enlaces de 26×36.","Objetivos por debajo del mínimo.","ES la respuesta a la precisión en 3D, y sus objetivos son demasiado pequeños.","Sincroniza con la selección espacial.","persistente","panel","—","Selección espacial.","—","Dentro de su pantalla.","Confirma que «lista de objetos como ruta de precisión» es un patrón que el producto ya usó dos veces (paleta 2D, ModelNav 3D) sin declararlo.","Fuera de alcance salvo tokens.","Alcance real del navegador (¿todas las entidades?)."
